App,Genres,Content Rating,Required Version,Last Updated,Current Version,Price($),Rating,Reviews,Size(kb)
Graphic Design & Logo Creator,"Graphics & Design, Photo & Video",4+,17.0,2025-09-25,12.9,0.0,4.51858,8581,166779.0
Smartist: Art Preview on Wall,"Photo & Video, Graphics & Design",4+,16.0,2025-09-07,1.6.10,0.0,4.77596,8320,255443.0
Nail Designs - Manicures & Art,"Lifestyle, Entertainment",4+,18.5,2025-08-27,5.02,0.0,3.95838,2499,51423.0
Tenada: Photo & Graphic Design,"Graphics & Design, Photo & Video",4+,14.0,2025-09-09,5.4.9,0.0,4.77688,1479,212975.0
Sketch Pro: Draw & Create Art,"Graphics & Design, Productivity",4+,13.0,2025-09-26,2.0.1,0.0,4.71448,6511,357757.0
starryai - Image Art Generator,"Graphics & Design, Photo & Video",12+,16.6,2025-09-10,2.20.5,0.0,4.6031,20111,133903.0
Design Lab・Logo・Graphics Maker,"Graphics & Design, Photo & Video",4+,15.0,2025-06-19,5.57.3,0.0,4.74504,6244,149152.0
WOMBO Dream - AI Art Generator,"Graphics & Design, Entertainment",12+,15.0,2024-09-08,5.0.9,0.0,4.79657,143851,121835.0
FIBE - Album Cover & Art Maker,"Graphics & Design, Productivity",4+,15.0,2025-03-31,5.0.9,0.0,4.83528,3570,218757.0
Wonder - AI Art Generator,"Graphics & Design, Entertainment",17+,12.0,2025-09-17,5.1.6,0.0,4.31339,65089,152783.0
Behance – Creative Portfolios,"Graphics & Design, Social Networking",12+,16.6,2025-09-03,25.830.108,0.0,4.64888,4349,136384.0
WikiArt,"Education, Graphics & Design",12+,17.5,2025-09-18,6.3.1,4.99,4.78674,1857,5114.0
"Whorl, Playful Art & Design","Photo & Video, Entertainment",4+,12.0,2024-02-10,4.1.13,0.0,4.64593,209,71949.0
ArtStage: Display Your Art,"Photo & Video, Graphics & Design",4+,17.0,2025-09-18,3.1.23,0.0,4.79485,1940,199863.0
Word Swag - Cool Fonts,"Graphics & Design, Photo & Video",4+,13.0,2025-09-17,5.43,0.0,4.85398,109753,419809.0
Linearity Curve Graphic Design,"Graphics & Design, Productivity",4+,16.0,2025-09-22,6.0.1,0.0,4.53655,14118,863327.0
Playground: AI Design & Editor,"Graphics & Design, Photo & Video",12+,16.0,2025-09-24,2.0.49,0.0,4.89459,4952,77238.0
AI Art Generator & Logo - Hexa,"Graphics & Design, Photo & Video",4+,15.1,2025-09-26,2.6.2,0.0,4.40906,2694,96513.0
Printing Design & Mockup Space,"Graphics & Design, Lifestyle",4+,13.0,2025-05-06,5.0,0.0,4.50648,2083,244133.0
Anime Art - AI Art Generator,Graphics & Design,17+,13.0,2024-05-30,1.7.1,0.0,4.28665,16595,185746.0
YouCam Nails - Nail Art Salon,"Lifestyle, Photo & Video",4+,14.0,2023-05-21,2.7.0,0.0,4.61201,5696,143950.0
INKHUNTER - AI Tattoo Design,"Lifestyle, Photo & Video",4+,16.0,2025-03-28,3.1.0,0.0,4.7374,24418,56789.0
Fashion Design Sketches: Style,"Productivity, Lifestyle",4+,16.0,2025-08-06,3.11.4,0.0,4.2134,4100,358259.0
Fashion Illustration: Design,"Graphics & Design, Productivity",4+,16.0,2025-09-25,1.5.0,0.0,4.4065,1909,131511.0
Fonts Art: Keyboard for iPhone,"Utilities, Social Networking",4+,16.0,2025-08-14,3.66,0.0,4.60027,454509,177543.0
AI Painting: Generate Art Girl,"Graphics & Design, Utilities",17+,13.0,2024-05-17,2.3,0.0,4.45842,13154,90914.0
Andalusi: Design Photo & Video,"Photo & Video, Graphics & Design",4+,15.6,2025-09-26,9.1.7,0.0,4.54882,11328,213671.0
Dreamlux -AI Video Art Creator,"Graphics & Design, Photo & Video",17+,13.4,2025-06-16,1.15.2,0.0,4.56544,4271,72806.0
Artrooms: Superimpose Wall Art,"Photo & Video, Graphics & Design",4+,12.0,2024-05-07,6.2,0.0,4.76776,1774,30845.0
Designgraphik,"Graphics & Design, Photo & Video",4+,13.0,2023-01-18,1.31,1.99,4.71429,14,12686.0
Text Art: Typography & Word,"Graphics & Design, Photo & Video",4+,14.0,2024-04-30,1.7.28,0.0,4.77672,66771,98997.0
AI Art Photo & Image Generator,"Graphics & Design, Utilities",4+,15.6,2025-09-22,1.9.1,0.0,4.27231,896,134334.0
Art Word: Add Text to Photos,"Graphics & Design, Photo & Video",4+,13.1,2025-05-06,1.7.3,0.0,4.74336,18431,129693.0
Fancy AI: AI Logo&Avatar Maker,Photo & Video,4+,12.0,2024-08-10,3.1,0.0,4.4057,1580,191147.0
Value Study: art reference,"Graphics & Design, Photo & Video",4+,16.6,2025-09-25,3.15.3,0.0,4.83063,2710,32209.0
AI Art : Photo Video Generator,Graphics & Design,17+,16.0,2025-04-23,3.87,0.0,4.22301,4538,235256.0
Logo Maker: Art Design Creator,"Graphics & Design, Business",9+,15.5,2025-09-02,6.5,0.0,4.81656,16338,198457.0
DailyArt,"Education, Entertainment",12+,15.6,2025-08-28,5.0.35,0.0,4.82423,34671,143077.0
Sabai Art - AI Photo Generator,"Graphics & Design, Entertainment",17+,14.0,2025-01-10,1.8.6,0.0,4.10623,1233,75856.0
Pixel Studio for pixel art,"Graphics & Design, Entertainment",12+,13.0,2025-07-21,5.35,0.0,4.68297,4823,124167.0
CREATE: Graphic Design + Fonts,"Photo & Video, Productivity",4+,9.0,2023-05-01,6.1,0.0,4.60698,3094,116946.0
AI Art Generator - Video-Art-X,"Graphics & Design, Photo & Video",12+,15.0,2025-08-18,4.4,0.0,4.14064,1614,176303.0
Doodle Magic: Glow Art Drawing,"Graphics & Design, Entertainment",4+,15.6,2025-07-29,1.0.9,0.0,4.66272,8370,71517.0
VID-S: AI Video & Art,"Graphics & Design, Photo & Video",4+,14.5,2024-08-27,1.0.19,0.0,4.49226,1357,143073.0
Head Model Studio - Art Study,"Graphics & Design, Education",4+,16.4,2025-09-08,2.16.0,0.0,4.65219,2073,2243674.0
"Picsart AI Photo Editor, Video","Photo & Video, Graphics & Design",12+,15.0,2025-09-24,28.4.2,0.0,4.67217,1180694,252087.0
AI Image Generator ~ DALI Art,"Graphics & Design, Photo & Video",17+,12.0,2024-12-03,1.23,0.0,4.53085,1215,193128.0
Concepts,"Graphics & Design, Productivity",4+,15.0,2025-09-25,6.28.2,0.0,4.73956,25358,202610.0
Da Vinci Eye: AR Trace & Draw,"Graphics & Design, Education",12+,16.6,2025-09-11,4.6.0,0.0,4.58723,8707,196206.0
Drawing Desk: Sketch Paint Art,"Graphics & Design, Productivity",4+,12.0,2025-06-23,7.4.1,0.0,4.29512,14174,228692.0
AutoScout24: Buy & sell cars,"Productivity, Lifestyle",4+,17.0,2025-09-22,25.38.0,0.0,4.77058,22295,242308.0
CarMax: Used Cars for Sale,"Lifestyle, Shopping",4+,16.0,2025-09-18,4.35.2,0.0,4.79688,395407,80269.0
myCadillac,"Lifestyle, Utilities",17+,16.0,2025-09-18,7.18.0,0.0,4.85128,130076,202407.0
myGMC,"Lifestyle, Utilities",17+,16.0,2025-09-18,7.18.0,0.0,4.82967,346947,202983.0
"eBay Motors: Parts, Cars, more",Shopping,4+,16.0,2025-09-26,4.24,0.0,4.78604,43652,174355.0
AutoZone Auto Parts & Repair,"Shopping, Lifestyle",4+,15.6,2025-08-27,25.5.0,0.0,4.82308,178563,86599.0
Auto Navigator New & Used Cars,"Shopping, Finance",4+,16.0,2025-09-25,2025.09.03,0.0,4.85365,36803,204874.0
Autotrader – Shop All the Cars,"Shopping, Lifestyle",4+,16.0,2025-09-22,4.22.0,0.0,4.71297,316482,124974.0
mobile.de - car market,"Productivity, Lifestyle",4+,,2025-09-11,12.7.0,0.0,4.82219,16529,121605.0
Copart - Online Auto Auctions,"Business, Lifestyle",4+,15.6,2025-09-22,6.5.6,0.0,4.81246,156742,104668.0
myChevrolet,"Lifestyle, Utilities",17+,16.0,2025-09-18,7.18.0,0.0,4.82354,782393,202783.0
myBuick,"Lifestyle, Utilities",17+,16.0,2025-09-18,7.18.0,0.0,4.84736,93245,203459.0
Cars.com - New & Used Cars,"Shopping, Lifestyle",4+,16.0,2025-09-16,9.62.1,0.0,4.82978,582833,66683.0
Turo — Car rental marketplace,"Travel, Lifestyle",4+,16.0,2025-09-17,25.37.0,0.0,4.8388,421113,206583.0
3DTuning: Car Game & Simulator,"Games, Simulation, Racing, Entertainment",17+,13.0,2025-09-14,3.8.315,0.0,4.28727,33937,176550.0
AcuraLink,Lifestyle,4+,16.6,2025-09-16,5.0.40,0.0,4.67603,45020,252066.0
"Auto.ru: продажа, покупка авто","Shopping, Lifestyle",4+,16.0,2025-09-25,14.104.0,0.0,4.7938,2294,399595.0
Car and Driver Magazine US,"Lifestyle, Magazines & Newspapers",17+,15.6,2025-05-30,26.0,0.0,4.51637,2444,61219.0
CARFAX Car Care,"Lifestyle, Utilities",4+,16.0,2025-09-25,4.6,0.0,4.83793,114925,314493.0
Car Play Sync & Connect,Utilities,4+,15.0,2025-07-08,1.31.4,0.0,4.66545,44056,92254.0
DroneMobile,"Lifestyle, Utilities",4+,15.6,2025-08-06,4.15.0,0.0,4.76808,24263,200674.0
Carvana: Buy/Sell Used Cars,"Shopping, Business",4+,16.6,2025-09-23,6.59,0.0,4.78702,239798,222501.0
Bumper: Vehicle History Report,"Shopping, Lifestyle",4+,14.0,2025-08-26,10.0.31,0.0,4.33553,1213,170918.0
Drivvo - Car management,"Finance, Productivity",4+,12.0,2024-01-06,3.1.1,0.0,4.69841,882,78059.0
AutoLNK,Lifestyle,17+,16.1,2025-09-25,2.02,0.0,4.59999,90,274240.0
Bring a Trailer Auctions,"Shopping, Lifestyle",17+,15.0,2025-09-24,1.3.3,0.0,4.83861,2113,69970.0
Crossout Mobile: Battle Cars,"Games, Entertainment, Action",12+,13.0,2025-09-04,1.47.0,0.0,4.65642,9500,2683865.0
Car Play Connect: Remote Start,"Utilities, Lifestyle",4+,14.0,2025-05-23,4.1.2,0.0,4.66503,18551,157557.0
Vehicle Masters,"Games, Simulation, Casual, Entertainment",12+,15.0,2025-09-16,1.0.43,0.0,4.59314,96396,345248.0
CARFAX - New & Used Cars,"Shopping, Lifestyle",4+,16.4,2025-09-15,6.56.0,0.0,4.85473,368162,81807.0
AutoTempest - Car Search,Shopping,4+,15.0,2025-07-08,1.0.39,0.0,4.81926,675,17950.0
AUTODOC – shop for car parts,Shopping,4+,15.0,2025-09-16,3.2,0.0,4.62322,2954,89475.0
Enterprise Rent-A-Car,"Travel, Business",4+,15.1,2025-09-26,8.5,0.0,4.89961,636913,56128.0
MYAUTO.GE,Shopping,4+,13.0,2025-09-20,1.0.360+360,0.0,4.11588,233,84437.0
Car games: drive car parking,"Games, Entertainment, Simulation, Racing",4+,13.0,2025-05-27,2,0.0,4.39574,25585,404123.0
Ertah (Auto & Vehicles),Business,4+,15.0,2025-09-21,2.1.12,0.0,3.16667,18,149042.0
VINwiki,"Lifestyle, Social Networking",9+,16.0,2024-08-06,2024.06.01,0.0,4.78329,4144,12075.0
CRAFTSMAN Auto Assist,"Utilities, Lifestyle",4+,14.2,2021-01-16,21.04,0.0,4.56349,252,38675.0
AutoMotion,"Shopping, Lifestyle",17+,14.0,2025-09-24,3.6.3,0.0,4.51314,875,9564.0
MyCar Controls,"Lifestyle, Utilities",17+,9.3,2024-08-26,4.4.14,0.0,2.80508,118,121323.0
VIN Check & Decoder,"Utilities, Reference",4+,12.0,2020-09-18,2.0,0.0,4.85003,1487,33124.0
"SIXT rent, share, ride & plus","Travel, Lifestyle",4+,,2025-09-18,9.155.0,0.0,4.89302,60721,462920.0
Autovit.ro:  Car Marketplace,"Shopping, Lifestyle",4+,15.0,2025-09-25,3.60.9,0.0,4.76623,77,154575.0
CL6,"Lifestyle, Utilities",4+,9.3,2024-08-26,4.4.14,0.0,2.96703,273,125855.0
Turbo.az,Shopping,4+,12.4,2025-08-11,61.1,0.0,4.89473,152,50447.0
AutoScout24: Switzerland,"Business, Lifestyle",4+,14.0,2025-09-18,9.18.0,0.0,4.66857,175,145422.0
Automotive News,News,4+,15.0,2025-05-01,1.9.5,0.0,4.88497,1165,116694.0
Auto & Automotive News,"News, Lifestyle",12+,16.6,2025-08-07,7.1.0,0.0,4.59999,40,66875.0
Автокод: проверка авто,"Reference, Utilities",4+,13.0,2024-02-27,2.9.0,0.0,4.46154,13,28346.0
GOODCAR: Vehicle History Check,"Utilities, Reference",4+,15.0,2025-09-26,2.1.7,0.0,4.17391,161,64551.0
BeautyPlus-Selfie Photo Editor,"Photo & Video, Graphics & Design",9+,13.0,2025-09-26,7.20.0,0.0,4.81991,337757,580023.0
Perfect365 Makeup Photo Editor,"Lifestyle, Photo & Video",4+,15.0,2025-09-04,10.4.32,0.0,4.83655,179121,289165.0
BeautyCam-AI Photo Editor,"Photo & Video, Social Networking",12+,13.0,2025-09-26,12.8.20,0.0,4.78254,18579,495664.0
FaceApp: Perfect Face Editor,"Photo & Video, Entertainment",9+,16.0,2025-09-20,12.12.2,0.0,4.7313,1693200,167250.0
BeautyUp－AI Face & Body Editor,"Photo & Video, Graphics & Design",4+,16.0,2025-09-23,2.409.0,0.0,4.74044,13727,419255.0
PrettyUp- AI Body Editor Video,Photo & Video,12+,15.0,2025-09-21,8.7.50,0.0,4.63364,9518,454759.0
Beauty Editor : Face Retouch,Photo & Video,4+,15.0,2025-08-20,5.8,0.0,4.63542,14455,190364.0
YouCam Perfect: Beauty Camera,"Photo & Video, Entertainment",4+,16.0,2025-09-18,6.11.0,0.0,4.77416,114340,266193.0
YouCam Makeup: Face Editor,"Photo & Video, Lifestyle",9+,16.0,2025-09-07,6.36.0,0.0,4.75242,149433,265904.0
Persona: AI Beauty Camera,"Photo & Video, Entertainment",4+,15.0,2025-09-24,1.14.20,0.0,4.77837,32703,231293.0
SODA - Natural Beauty Camera,"Photo & Video, Lifestyle",4+,15.0,2025-09-26,9.3.20,0.0,4.75066,10664,234506.0
Airbrush: Face Photo Editor,"Photo & Video, Graphics & Design",4+,13.0,2025-09-24,7.17.1,0.0,4.80015,190604,552160.0
Peachy - AI Face & Body Editor,"Photo & Video, Entertainment",4+,15.0,2025-08-17,2.6.2,0.0,4.85726,154766,243576.0
Ulta Beauty: Makeup & Skincare,"Shopping, Lifestyle",4+,17.6,2025-09-23,10.5,0.0,4.87147,2009279,227145.0
B612 AI Photo&Video Editor,Photo & Video,4+,15.0,2025-09-03,14.4.10,0.0,4.64907,109374,250888.0
Facetune: Video & Photo Editor,"Photo & Video, Lifestyle",4+,17.0,2025-09-21,3.104,0.0,4.61967,346705,456309.0
Sephora US: Makeup & Skincare,"Shopping, Lifestyle",12+,15.0,2025-09-12,25.18,0.0,4.88626,424700,245724.0
Meitu- Photo & Video Editor,"Photo & Video, Social Networking",4+,13.0,2025-09-25,11.20.0,0.0,4.79588,76216,617905.0
IPSY: Personalized Beauty,Shopping,4+,15.1,2025-09-12,4.0.0,0.0,4.81186,224724,66720.0
Beauty Care!,"Games, Entertainment, Role Playing, Simulation",12+,13.0,2025-08-05,4.7.0,0.0,4.37774,328994,221375.0
SNOW - AI Profile,Photo & Video,4+,15.0,2025-09-25,14.5.1,0.0,4.62047,36717,256380.0
Camera360-Selfie Editor,"Photo & Video, Entertainment",4+,13.0,2025-07-03,10.02.21,0.0,4.665,14451,461963.0
YesStyle - Beauty & Fashion,"Shopping, Business",4+,13.1,2025-09-23,4.6.0,0.0,4.77536,72250,79391.0
Bestie-Portrait Selfie Editor,"Photo & Video, Utilities",4+,9.0,2022-12-01,4.4.3,0.0,4.53841,10557,161591.0
Facelab: Face & Body Editor,Photo & Video,12+,17.0,2025-08-25,2.81,0.0,4.63706,78983,531504.0
Brandefy: Affordable Beauty,"Shopping, Lifestyle",12+,13.0,2025-06-02,6.8.7,0.0,4.85029,10634,95218.0
StyleSeat - Salon Appointments,Lifestyle,4+,14.0,2025-09-22,150.5.0,0.0,4.9149,278130,79056.0
MakeupPlus- AI Portrait,"Photo & Video, Utilities",4+,13.0,2025-06-25,6.8.4,0.0,4.63332,12065,410265.0
SALLY BEAUTY,"Shopping, Lifestyle",4+,15.6,2025-09-25,5.29.0,0.0,4.79066,66479,117292.0
Perfect Wax 3D: ASMR Makeover,"Games, Simulation, Casual",12+,13.0,2024-02-14,1.6.3,0.0,4.43856,37030,374624.0
"Sephora UAE: Beauty,Make up","Shopping, Lifestyle",4+,15.0,2025-08-30,8.34,0.0,4.47633,1669,96028.0
INCI Beauty,Health & Fitness,4+,14.0,2025-08-29,1.47.3,0.0,4.76944,360,70846.0
ASOS - Discover Fashion Online,"Shopping, Lifestyle",4+,15.0,2025-09-24,5.56.0,0.0,4.85968,499309,171469.0
Beauty Tiles: Story & Makeover,"Games, Entertainment, Puzzle, Casual",12+,13.0,2025-08-21,2.5.5,0.0,4.94737,11001,630765.0
Perfect Beauty Salon,"Games, Simulation, Entertainment, Casual",12+,15.6,2025-07-30,3.2,0.0,4.62833,9172,576441.0
Cymera,"Photo & Video, Social Networking",4+,10.0,2025-09-25,4.5.2,0.0,4.08219,876,212299.0
Macy's: Online Shopping & Save,"Shopping, Lifestyle",4+,15.0,2025-09-25,2509.2.0,0.0,4.85412,2094261,188968.0
Makeover Studio: Makeup Games,"Games, Simulation, Entertainment",12+,12.0,2023-11-14,3.7,0.0,4.5204,114343,368674.0
Photo Editor - Image Beauty,"Shopping, Reference",17+,12.0,2023-11-24,3.11,0.0,4.16069,3902,103809.0
BEAUTY BAY,Shopping,4+,15.1,2025-09-11,19.0.0,0.0,4.75438,3314,43821.0
Lush Fresh Handmade Cosmetics,"Shopping, Lifestyle",4+,16.4,2025-09-03,5.2.5,0.0,4.6311,6544,83606.0
Makeup Games: Back-to-School,"Entertainment, Lifestyle",12+,9.0,2021-11-11,2.8,0.0,4.37019,14330,217862.0
Nykaa – Makeup/Beauty Shopping,"Shopping, Lifestyle",12+,15.0,2025-09-26,4.9.1,0.0,4.41502,1624,127685.0
"Retouch Me: Face, Body Editor","Photo & Video, Graphics & Design",4+,15.5,2025-09-05,6.3.1,0.0,4.41245,18019,782530.0
CosmoProf Beauty,"Shopping, Business",4+,14.0,2025-06-18,1.28.0,0.0,4.65359,10072,97467.0
PRIV - Salon delivered to you,"Lifestyle, Health & Fitness",4+,13.0,2025-09-12,21.3.7,0.0,4.81118,3416,57803.0
LOOKFANTASTIC: Beauty & Makeup,Shopping,4+,13.4,2025-09-22,2.65.0,0.0,4.78069,953,102699.0
Covet Fashion: Dress Up Game,"Games, Shopping, Simulation, Role Playing",12+,12.0,2025-09-11,25.02.215,0.0,4.44616,163740,207663.0
Prêt à Makeup,"Graphics & Design, Lifestyle",4+,17.5,2025-09-24,2.9.2,0.0,4.4177,37734,294664.0
Gold Apple: beauty store,"Shopping, Lifestyle",12+,15.0,2025-09-22,5.38.0,0.0,4.90882,7074,223921.0
Google Play Books & Audiobooks,"Books, Reference",4+,17.0,2025-09-12,25.9.0,0.0,4.43152,9580,86514.0
CloudLibrary,"Books, Reference",4+,15.0,2025-08-12,5.12.2,0.0,4.75019,224032,162749.0
Margins: Book Tracker,"Books, Reference",12+,17.0,2025-09-26,2025.09.25+603,0.0,4.88394,4489,91801.0
BookBuddy: Book Tracker,"Books, Reference",4+,17.0,2025-08-06,9.8.2,0.0,4.83926,12424,30148.0
Deutsch Wörterbuch & Thesaurus,"Reference, Education",4+,15.0,2024-07-02,5.0.11,0.0,4.84956,678,70817.0
BookBuddy Pro: Book Tracker,"Books, Reference",4+,17.0,2025-08-06,9.8.2,9.99,4.84243,5515,30164.0
ختمة,"Reference, Books",4+,11.0,2022-04-09,5.1,0.0,4.73301,2060,260453.0
Zotero,"Productivity, Education",4+,16.6,2025-09-18,1.0.54,0.0,4.66125,369,142575.0
JoCoLibrary,"Books, Reference",4+,16.0,2025-07-02,2.19.0,0.0,3.7,20,18682.0
PubMed On Tap,"Medical, Reference",4+,15.0,2024-08-25,2.18.1,2.99,4.78842,1002,4800.0
Teach Yourself Library,"Education, Reference",4+,15.6,2025-09-01,2.5,0.0,3.87413,143,94390.0
Seattle Public Library,"Books, Reference",4+,16.0,2025-08-02,1.5.0,0.0,4.5625,16,53044.0
Chicago Public Library,"Books, Reference",4+,16.0,2025-09-15,2.20.0,0.0,3.32727,55,28111.0
Davis Drug Guide For Nurses,"Medical, Health & Fitness",17+,14.3,2024-07-18,6.7.3.579,0.0,4.80875,8136,150566.0
BSPBooks - Pharmamed & BSP,"Education, Reference",12+,15.6,2025-08-06,4.1.6,0.0,0.0,0,67713.0
iCollect Books: Library List,"Books, Reference",4+,15.0,2025-09-22,9.3.8,0.0,4.56507,3842,26751.0
"Bible: Chat, Widgets, Audio","Reference, Books",4+,15.0,2025-06-27,8.3.1,0.0,4.32829,265,98584.0
Naperville Public Library,"Reference, Books",4+,16.0,2025-07-02,2.19.0,0.0,3.16667,12,18350.0
Grand Rapids Public Library,"Reference, Books",4+,16.0,2025-07-02,2.19.0,0.0,5.0,7,18230.0
Sno-Isle Libraries,Books,4+,16.0,2025-07-02,2.19.0,0.0,4.33333,24,18186.0
ReciMe: Recipes & Meal Planner,"Food & Drink, Social Networking",9+,17.0,2025-09-18,4.4.3,0.0,4.80848,129052,201514.0
Dayton Metro Library,"Education, Reference",4+,15.6,2025-09-17,8.0.9,0.0,4.33333,15,24941.0
EndNote,"Productivity, Reference",17+,15.0,2025-02-26,3.6.1,0.0,2.61728,162,93243.0
MMBookshelf,"Reference, News",4+,10.0,2022-06-01,1.1.9,0.0,4.52956,1133,37932.0
Kenton County Public Library,"Reference, Books",4+,16.0,2025-07-17,2.19.0,0.0,4.0,2,19254.0
Greenwich Library,"Books, Reference",4+,16.0,2025-07-02,2.19.0,0.0,4.5,2,18410.0
My RCLreads,"Reference, Books",4+,16.0,2025-07-02,2.19.0,0.0,5.0,2,18306.0
TRL Go,"Books, Reference",4+,16.0,2025-07-18,2.19.0,0.0,4.375,8,18486.0
Cite It Now: Easy referencing,"Reference, Education",4+,12.0,2020-10-18,1.3,0.0,4.41475,217,32604.0
Columbus Metropolitan Library,"Reference, Books",4+,16.0,2025-07-02,2.19.0,0.0,3.69231,39,18314.0
ISBN Scan: Book Info & Ratings,"Books, Reference",4+,12.0,2024-08-08,1.0.3,0.0,0.0,0,31520.0
St. Joseph County Library,"Reference, Books",4+,15.0,2025-03-31,2.18.0,0.0,3.66667,3,26622.0
Olathe Public Library,"Reference, Books",4+,16.0,2025-07-02,2.19.0,0.0,0.0,0,18018.0
Mid Continent Public Library,"Reference, Books",4+,16.0,2025-07-17,2.19.0,0.0,3.88889,9,18274.0
BrowZine,Education,4+,12.0,2025-06-02,2.25.1,0.0,4.08065,62,48439.0
Anythink Libraries,"Books, Reference",4+,14.0,2025-08-15,2025.08.00,0.0,4.42856,7,14764.0
Plano Public Library,"Books, Reference",4+,16.0,2025-04-11,1.0.3,0.0,5.0,6,56101.0
Bookends,"Productivity, Medical",4+,15.0,2025-05-06,4.2.2,0.0,4.678,382,80029.0
Modellers Reference Library,Reference,4+,10.0,2018-07-05,6.0.0,0.0,5.0,4,31219.0
Libraries Online,"Books, Reference",4+,14.0,2025-08-15,2025.08.00,0.0,4.92307,65,14724.0
BiblioTech Public Library,"Books, Reference",4+,15.6,2025-05-27,2025.22,0.0,5.0,4,49194.0
Scofield Reference Bible Note,"Books, Education",4+,12.0,2022-06-01,5.1,0.0,4.84832,2525,17751.0
Booxtack,"Books, Reference",4+,12.0,2020-12-11,1.0.1,0.0,5.0,5,21147.0
Vocabulary - Learn words daily,"Education, Reference",4+,16.0,2025-09-23,6.2.0,0.0,4.7994,166681,221854.0
Santa Cruz Public Libraries,"Reference, Education",4+,14.0,2025-08-15,2025.08.00,0.0,3.0,3,16800.0
الموسوعة الفقهية,"Reference, Books",4+,10.0,2018-05-28,1.0,0.0,3.89474,19,43890.0
References On Tap,"Productivity, Education",4+,15.0,2025-05-06,1.9.1,0.0,4.70946,296,70137.0
mySAPL,"Reference, Books",4+,16.0,2025-06-26,2.19.0,0.0,3.66667,24,18246.0
BookSeeker...,"Books, Reference",4+,15.1,2025-08-18,1.0,0.0,5.0,3,20363.0
SDPL To Go,"Reference, Books",4+,16.0,2025-07-02,2.19.0,0.0,4.5,16,18334.0
WhatsApp Business,"Business, Productivity",12+,15.1,2025-09-22,25.26.72,0.0,4.71705,1228640,250041.0
Meta Business Suite,"Business, Social Networking",4+,15.1,2025-09-24,460.0,0.0,4.67235,422455,262312.0
Business Empire: RichMan,"Games, Simulation",4+,13.0,2025-06-06,1.23.03,0.0,4.57448,28967,413261.0
QuickBooks Business Accounting,"Business, Finance",4+,16.0,2025-09-23,25.09.5,0.0,4.73107,218856,583469.0
PayPal Business,"Business, Finance",4+,14.0,2025-04-24,2025.04.24,0.0,4.19428,29345,391548.0
HoneyBook - Small Business CRM,"Business, Productivity",4+,15.6,2025-09-17,1.50.1,0.0,4.76973,14848,101971.0
Popl: Digital Business Card,"Business, Productivity",4+,16.1,2025-09-19,7.9.0,0.0,4.82534,89950,112394.0
Mindbody Business,"Business, Health & Fitness",4+,16.0,2025-09-22,7.53.0,0.0,4.57289,22767,100897.0
Shopify - Your Ecommerce Store,"Business, Productivity",4+,15.1,2025-09-20,10.2538.0,0.0,4.67058,29403,225376.0
Harvard Business Review,"Business, Magazines & Newspapers",4+,13.4,2025-09-09,34.8.0,0.0,4.73183,14278,42236.0
Skip - Fund Your Business,"Finance, Business",4+,15.0,2025-02-13,2.46,0.0,4.80157,2938,58635.0
Amazon Business: B2B Shopping,Business,4+,15.0,2025-09-23,25.18.0,0.0,4.83185,15308,224804.0
Fiverr - Freelance Services,"Business, Lifestyle",4+,16.0,2025-09-12,3.57.2,0.0,4.918,548581,124213.0
Logo Maker Shop: AI Creator,"Graphics & Design, Photo & Video",4+,15.0,2025-09-26,2.5.4,0.0,4.75058,81433,343784.0
Squarespace: Run your business,"Productivity, Business",4+,17.4,2025-09-22,2.89.0,0.0,4.64943,18313,514386.0
Business Insider,"News, Business",4+,13.0,2025-08-27,16.2.2,0.0,4.58917,21729,105708.0
WhatsApp Messenger,"Social Networking, Utilities",12+,15.1,2025-09-22,25.26.72,0.0,4.69194,16514244,233698.0
Square Point of Sale (POS),"Business, Finance",4+,16.0,2025-09-24,6.78,0.0,4.81222,563914,997669.0
Nav Business Credit Builder,"Finance, Business",4+,15.0,2025-09-24,7.6.23,0.0,4.89706,18205,136873.0
Coursera: Grow your career,Education,4+,17.0,2025-09-15,7.20.0,0.0,4.84712,158080,58892.0
ZenBusiness: LLC & Compliance,"Business, Finance",4+,17.0,2025-09-12,2025.17,0.0,4.66882,1395,56619.0
GoDaddy Studio for Business,"Business, Graphics & Design",4+,17.4,2025-09-18,8.66.0,0.0,4.83113,105599,108515.0
Meta Ads Manager,"Business, Social Networking",4+,15.1,2025-09-25,446.0,0.0,4.47151,40118,93037.0
Yelp for Business App,Business,12+,17.0,2025-09-22,25.38.0,0.0,3.97409,17830,199092.0
Google Ads,"Business, Utilities",4+,15.0,2025-09-24,3.16.807083888,0.0,4.4192,4282,246831.0
Blinq: Digital Business Card,"Business, Productivity",4+,17.0,2025-09-22,1.73.1,0.0,4.88211,107128,253873.0
Bloomberg: Business News Daily,"News, Finance",4+,15.6,2025-09-16,6.47.0,0.0,4.59276,53546,60948.0
alrajhi bank business,"Finance, Business",4+,11.0,2025-09-26,4.2.5,0.0,4.71598,3285,153353.0
LinkedIn: Network & Job Finder,Business,12+,16.6,2025-09-24,9.1.482,0.0,4.75931,529309,409043.0
Business Plan for Startups,"Business, Books",4+,10.0,2019-08-01,4.4.1,0.0,4.53576,2251,31483.0
Udemy Business,"Business, Education",4+,17.2,2025-09-04,8.93.0,0.0,4.75912,5949,133648.0
Revolut Business,"Finance, Business",4+,13.0,2025-09-23,5.46,0.0,4.84854,2159,229643.0
Amex Business Blueprint™,"Finance, Business",4+,16.0,2025-09-02,13.2.1,0.0,4.80049,8531,73742.0
Lili - Small Business Finances,"Finance, Business",4+,14.0,2025-09-15,25.9.1,0.0,4.6299,6836,95840.0
Business Game: Monopolist,"Games, Entertainment, Board, Family",4+,10.0,2022-02-23,6.0,0.0,3.18033,732,242637.0
Booksy Biz: For Businesses,Business,12+,16.0,2025-09-26,3.38.5,0.0,4.48122,11957,374679.0
Novo - Small Business Checking,"Finance, Business",4+,14.0,2025-09-05,4.43.1,0.0,4.8182,19406,192838.0
Wave: Small Business Software,"Business, Finance",4+,16.0,2025-09-25,4.10.0,0.0,4.40407,6395,102074.0
Amazon Seller,"Business, Productivity",4+,15.0,2025-07-15,9.5.1,0.0,4.58721,93544,177522.0
Business Match: Social App,"Business, Social Networking",4+,15.6,2025-09-11,2.13.41,0.0,5.0,3,168435.0
CNBC: Stock Market & Business,"News, Finance",4+,16.0,2025-09-16,7.1.1,0.0,4.71511,628389,119862.0
Business Tycoon: Idle Clicker,"Games, Simulation, Casual",17+,12.0,2025-09-08,1.5.3,0.0,4.59907,2574,232556.0
Square Invoices: Invoice Maker,"Business, Finance",4+,16.0,2025-09-24,6.78,0.0,4.83832,88881,690429.0
My Verizon For Business,Business,4+,17.0,2025-09-05,6.0.1,0.0,4.61689,124279,138723.0
samcard- business card scanner,"Business, Productivity",4+,9.0,2024-12-10,2.10.11,0.0,4.63447,7652,113908.0
Podium - Small Business Tools,"Business, Productivity",9+,15.0,2025-09-03,2025.35.0,0.0,4.75233,28655,146266.0
Investor's Business Daily,"Finance, Business",4+,15.0,2025-07-03,7.14,0.0,4.69716,15193,135598.0
Moniepoint Business Banking,"Finance, Business",4+,13.0,2025-09-26,2.41.0,0.0,4.54118,6484,186268.0
Quantic School of Business,"Education, Business",12+,16.0,2025-09-07,2.8.2,0.0,4.89784,1713,133008.0
Financial Times: Business News,"News, Business",4+,14.0,2025-09-09,1.101,0.0,4.81855,22011,78620.0
"WEBTOON: Manga, Comics, Manhwa",Entertainment,12+,15.0,2025-09-26,3.7.11,0.0,4.76595,432008,178632.0
DC UNIVERSE INFINITE,"Entertainment, Books",12+,16.0,2025-08-26,3.25.0,0.0,4.67863,57983,154866.0
Marvel Unlimited,"Books, Entertainment",12+,16.0,2025-09-25,7.93.0,0.0,4.77105,59131,70215.0
GlobalComix: Comic Book Reader,"Books, Entertainment",17+,13.0,2025-09-25,2.2.12,0.0,4.79289,2419,79074.0
Comic Geeks,"Entertainment, Productivity",12+,14.0,2025-07-08,3.3.7,0.0,4.8395,2542,78504.0
"WebComics - Webtoon, Manga","Books, Magazines & Newspapers",12+,13.0,2025-09-22,3.6.81,0.0,4.80618,65521,164499.0
Tapas – Comics and Novels,"Books, Entertainment",17+,14.0,2025-05-26,7.11.0,0.0,4.56777,43715,81918.0
Manta: Comics & Novels,"Books, Entertainment",17+,15.1,2025-09-25,25.9.429,0.0,4.70242,26357,84714.0
Tappytoon Comics & Novels,"Books, Entertainment",12+,15.1,2025-09-24,4.0.0,0.0,4.32107,18180,100572.0
Panels - Comic Reader,"Books, Entertainment",4+,15.0,2025-09-15,3.8.3,0.0,4.78087,10268,127815.0
MangaToon: Comic & Manga,Books,12+,13.0,2025-09-26,3.30.06,0.0,4.48184,4464,97241.0
Toomics - Unlimited Comics,"Entertainment, Books",12+,12.0,2025-09-24,1.5.7,0.0,4.31252,3011,37410.0
Shonen Jump Manga & Comics,"Books, Entertainment",12+,16.4,2025-09-16,5.6.7,0.0,4.88971,238270,38387.0
Manga Reader: Webtoon & Comics,"Entertainment, Books",17+,16.0,2025-03-06,2.0,0.0,4.57407,162,12972.0
Lezhin Comics-Premium Webtoons,Books,17+,15.0,2025-07-16,2025.7.2,0.0,2.59794,2721,62883.0
"INKR — Comics, Manga, Webtoons","Books, Entertainment",12+,13.0,2023-08-11,2.13.10,0.0,4.3975,2493,153405.0
Dark Horse Comics,"Books, Entertainment",17+,17.5,2025-02-25,2.2.31,0.0,4.49146,645,32184.0
iCollect Comic Books - Keys,"Reference, Lifestyle",4+,15.0,2025-09-24,9.3.9,0.0,4.55464,2937,27043.0
CLZ Comics collection database,"Entertainment, Reference",4+,13.0,2025-08-27,10.3.2,0.0,4.86395,12275,31188.0
Midtown Comics,"Books, Entertainment",4+,13.0,2025-09-22,5.1.4,0.0,4.33951,1296,50302.0
Key Collector Comics App,"Entertainment, Reference",9+,16.6,2025-09-17,4.4.5,0.0,4.82211,14149,89063.0
Rage Comics,"Entertainment, Social Networking",12+,7.1,2015-12-05,5.2,0.0,3.61905,63,13521.0
WebNovel - Read Novels & Manga,"Books, Magazines & Newspapers",17+,15.0,2025-09-22,8.12.1,0.0,4.35006,44988,214521.0
IDW Digital Comics Experience,"Books, Entertainment",12+,13.4,2025-09-09,6.2.0,0.0,5.0,1,29168.0
VIZ Manga,"Books, Entertainment",12+,16.4,2025-09-17,7.6.7,0.0,4.84945,71083,36423.0
Amazon Kindle,Books,12+,16.0,2025-09-25,7.42.1,0.0,4.8571,5282711,178144.0
Manga Reader ㅤ,Books,12+,15.0,2025-08-19,1.5.9,0.0,4.49117,16473,64591.0
"Libby, the library app","Books, Entertainment",4+,10.0,2025-09-12,8.3.1,0.0,4.85271,3868862,11749.0
Dashtoon: Comics & Manga,Entertainment,12+,13.0,2025-07-22,2.6.87,0.0,4.8047,4429,101687.0
Toonred - Webtoon & Manga,"Entertainment, Books",17+,12.4,2025-09-02,1.9,0.0,4.0,1,24435.0
"SuperToon - Webtoon, Manga","Books, Magazines & Newspapers",17+,13.0,2024-04-24,1.1.00,0.0,4.83133,83,46265.0
Tinyview Comics,"Entertainment, Books",9+,15.6,2025-09-25,10.0,0.0,4.80246,1377,55723.0
Shortbread: Romance Series,Entertainment,17+,15.0,2025-08-26,1.3.68,0.0,4.72189,3211,157410.0
Manga Reader - Comics App,"Magazines & Newspapers, Entertainment",17+,16.0,2025-03-25,1.0,0.0,4.46154,26,38366.0
HiComics-Popular Manga Reader,"Books, Entertainment",12+,10.0,2023-08-23,1.0.2,0.0,5.0,2,39103.0
Siam Inter Comics,"Entertainment, Books",17+,11.0,2023-10-17,7.64,0.0,4.9,10,107136.0
ComicGlass,"Utilities, Books",12+,15.6,2025-07-27,9.71,2.99,4.30508,59,37388.0
Dorian: Romantasy Games Hub,"Entertainment, Simulation, Games, Role Playing",17+,14.0,2025-09-19,3.55.3,0.0,4.55896,7251,68766.0
Mangamo Manga Reader & Comics,"Books, Entertainment",12+,15.1,2025-08-29,1.227.3,0.0,4.68831,385,51171.0
Comic Caption Meme Maker Lite,"Photo & Video, Entertainment",4+,14.0,2023-06-12,4.11,0.0,4.54685,4237,20064.0
Manga Reader Infinity,Books,12+,16.0,2025-09-24,6.4.0,0.0,4.50298,1672,130150.0
AirComix Lite,"Utilities, Books",4+,10.0,2022-05-02,6.2.5,0.0,4.5,52,88440.0
Manga Dogs - webtoon reader,"Books, Entertainment",17+,13.0,2025-08-26,4.7.9,0.0,4.07285,1757,82600.0
comic box-hot comic,"Entertainment, Books",17+,14.0,2023-08-14,6.0.1,0.0,4.36735,49,31339.0
Toonsutra: Read Manga & Comics,"Entertainment, Books",12+,13.0,2025-08-11,4.1.02,0.0,5.0,8,100930.0
Komic - Comic/Manga Reader,Books,4+,17.0,2025-09-08,1.12.0,0.0,5.0,2,36388.0
SwagToons: Web Comics & Toons,"Books, Entertainment",17+,13.0,2025-09-14,1.5.0,0.0,4.73332,15,223833.0
"iFics-Fun with Comics, Stories","Games, Adventure, Entertainment, Puzzle",17+,12.0,2024-03-18,3.0.0,0.0,4.1619,210,105398.0
WEBTOON KR - 네이버 웹툰,"Entertainment, Books",9+,16.0,2025-09-12,2.35.1,0.0,4.69705,4661,103947.0
Collectionary 4comics,"Reference, Entertainment",12+,12.0,2025-06-27,1.2.7,0.0,4.01754,57,55723.0
Signal - Private Messenger,"Social Networking, Utilities",12+,15.0,2025-09-25,7.78,0.0,4.75304,945625,167395.0
GroupMe,"Social Networking, Lifestyle",12+,15.0,2025-09-09,7.137,0.0,4.72189,1559084,392026.0
Telegram Messenger,"Social Networking, Productivity",17+,13.0,2025-09-05,12.0,0.0,4.01689,236107,149510.0
"Discord - Talk, Play, Hang Out","Social Networking, Games",17+,15.1,2025-09-22,298.0,0.0,4.70781,3221259,215525.0
Communication skills 2025,"Education, Health & Fitness",4+,17.4,2025-02-21,3.0.4,0.0,4.55414,314,5994.0
Google Chat,"Business, Productivity",4+,16.0,2025-09-22,1.0.390,0.0,4.64544,287742,411707.0
BAND - App for all groups,"Social Networking, Productivity",12+,16.0,2025-09-23,24.1.4,0.0,4.55574,27619,267641.0
Slack,"Business, Productivity",17+,16.0,2025-09-26,25.09.41,0.0,3.89668,29626,407591.0
Remind: School Communication,"Education, Social Networking",4+,15.0,2025-09-23,15.3,0.0,4.79692,1696589,90809.0
Visuals2Go,"Education, Lifestyle",4+,13.0,2025-02-14,6.6.8,0.0,4.30227,1363,64182.0
CommBoards Speech Assistant,"Education, Medical",4+,15.6,2025-09-09,1.26,0.0,4.46969,66,29871.0
FAMILIES | TalkingPoints,Education,4+,16.0,2025-09-18,4.2514.5,0.0,4.75739,91497,74776.0
TalkingParents: Co-Parent App,"Productivity, Lifestyle",4+,16.0,2025-09-24,8.2.0,0.0,4.3952,28724,122339.0
Pronto Team Communication,"Education, Business",12+,15.0,2025-09-20,6.3.2,0.0,4.85898,17040,87663.0
Zello Walkie Talkie,"Business, Utilities",12+,15.0,2025-09-09,6.10.4,0.0,4.62336,33393,281526.0
RingCentral,"Business, Productivity",4+,15.0,2025-09-18,25.3.30,0.0,4.82542,66966,510408.0
TEACHERS | TalkingPoints,"Education, Productivity",4+,16.0,2025-09-18,8.2514.5,0.0,4.81714,5124,66954.0
Messenger,"Social Networking, Productivity",12+,15.1,2025-09-23,526.0.0,0.0,4.64654,9931692,179877.0
Zoho Cliq - Team Communication,"Productivity, Social Networking",4+,15.0,2025-09-24,6.0.29,0.0,4.75799,4723,443857.0
Basecamp - Project Management,"Business, Productivity",4+,16.0,2025-09-11,4.19.0,0.0,4.6954,20827,55920.0
Khan Academy,Education,4+,15.0,2025-04-16,8.3.2,0.0,4.5678,97375,46180.0
Voxer Walkie Talkie Messenger,"Business, Social Networking",12+,12.0,2025-09-18,3.30.4,0.0,3.00457,1749,77477.0
KOBARITE Communication,"Education, Medical",4+,11.2,2019-06-18,1.2,0.0,4.5,2,62794.0
Orai - Improve Public Speaking,"Productivity, Business",4+,14.0,2024-11-03,3.25.23,0.0,4.62706,3097,366603.0
Deaf Communication Board App,"Medical, Utilities",4+,15.0,2025-07-29,1.5.0,0.0,4.34615,26,20864.0
Communicate : Think-Grow KM,"Education, Business",4+,9.0,2022-10-11,3.0,0.0,5.0,1,23076.0
Marco Polo - Video Messenger,"Social Networking, Photo & Video",4+,16.0,2025-09-22,0.1543.0,0.0,4.76344,2128817,216015.0
Jefferson Fisher,"Social Networking, Education",12+,16.0,2025-08-29,8.229.24,0.0,4.93617,47,120634.0
Zoom Workplace,"Business, Productivity",4+,15.0,2025-09-15,6.6.0,0.0,4.64911,3018021,343597.0
Klapp - School communication,Education,4+,12.0,2025-09-19,4.5.0,0.0,4.26316,19,84037.0
Trillian,"Business, Social Networking",4+,12.0,2025-06-02,6.6.83,0.0,4.14656,539,34281.0
Pulsara: Medical Communication,Medical,4+,16.0,2025-09-17,63.7544,0.0,4.28125,64,248390.0
Grid Player,"Medical, Education",4+,7.0,2016-07-27,1.7.5,0.0,3.69231,26,19882.0
StudentSquare App,"Education, Productivity",4+,16.0,2025-09-23,2.110.1,0.0,3.78181,2342,143152.0
Zenzap: Work communication app,"Business, Productivity",17+,16.0,2025-09-18,1.0.151,0.0,4.82836,134,124132.0
LINE WORKS: Team Communication,"Business, Productivity",4+,16.0,2025-09-04,4.3.3,0.0,4.56044,182,265851.0
Breakroom Chat & Scheduling,"Business, Productivity",4+,12.4,2025-09-23,3.10,0.0,4.7397,8068,35704.0
Entend,"Productivity, Education",4+,,2025-09-02,1.0.14,0.0,5.0,3,173903.0
NCA 2024,"Education, Reference",17+,13.4,2024-10-28,1.0,0.0,5.0,2,56868.0
Genesys Cloud Communicate,Business,4+,16.0,2025-09-22,2025.1295.0,0.0,4.45455,55,33359.0
"Weave - Text, Call & Schedule","Business, Productivity",4+,15.6,2025-09-19,6.0.0,0.0,4.43152,1161,118103.0
Spruce: Medical Communication,"Medical, Health & Fitness",12+,15.0,2025-09-22,4.4.29,0.0,4.86174,77761,113124.0
Ringotel,"Business, Social Networking",4+,11.0,2025-09-20,3.7,0.0,4.77778,9,104518.0
Locker Room Team Communication,"Sports, Productivity",4+,13.0,2024-07-30,3.1,0.0,0.0,0,23062.0
Pumble,"Business, Productivity",4+,15.0,2025-09-24,1.1.55,0.0,4.74898,976,123245.0
Slowly: Make Global Friends,"Social Networking, Lifestyle",17+,13.4,2025-09-23,9.2.8,0.0,4.71304,7569,66077.0
24/7 Software Communicator,"Business, Productivity",4+,13.0,2025-09-01,3.7.1,0.0,5.0,3,96532.0
Beacon,"Social Networking, Business",4+,13.0,2022-11-08,1.9.3,0.0,5.0,17,15537.0
Speakap,"Social Networking, Business",4+,15.0,2025-09-24,2025.39.0,0.0,5.0,14,74100.0
Hinge Dating App: Match & Meet,"Lifestyle, Social Networking",17+,16.0,2025-09-22,9.92.0,0.0,4.42309,991036,173045.0
Bumble Dating App: Meet & Date,"Lifestyle, Social Networking",17+,16.0,2025-09-22,5.431.1,0.0,4.31055,1687372,227975.0
Plenty of Fish : Dating App,"Social Networking, Lifestyle",17+,17.0,2025-09-19,27.00,0.0,4.28087,1788719,89174.0
Tinder Dating App: Date & Chat,"Lifestyle, Social Networking",17+,16.0,2025-09-25,16.22.0,0.0,4.15212,1520907,229236.0
Duet Dating App: Chat & Meet,Lifestyle,17+,15.0,2025-09-25,2.38.1,0.0,4.54908,47966,168844.0
Hily Dating App: Meet. Date.,"Lifestyle, Social Networking",17+,15.0,2025-09-24,6.36.0,0.0,4.27071,272327,136695.0
DOWN: The Casual Dating App,"Lifestyle, Social Networking",17+,16.0,2025-09-24,67.3,0.0,4.29647,103886,189399.0
HUD™ Bedroom Dating App,"Lifestyle, Social Networking",17+,15.0,2025-09-19,9.3.10,0.0,4.12129,202735,278455.0
Badoo Dating: Meet New People,"Lifestyle, Social Networking",17+,16.0,2025-09-15,5.430.0,0.0,4.56449,135206,160031.0
"MeetMe - Meet, Chat & Go Live","Social Networking, Entertainment",17+,15.0,2025-09-24,210.0,0.0,4.29412,369953,311643.0
OkCupid Dating: Date Singles,"Lifestyle, Social Networking",17+,16.0,2025-09-22,105.2.1,0.0,4.31851,280133,99506.0
Instinct: Casual Dating App,"Lifestyle, Social Networking",17+,13.0,2025-09-09,9.35.0,0.0,4.88145,109015,85517.0
WooPlus - Body Positive Dating,"Social Networking, Lifestyle",17+,14.0,2025-09-09,9.6.4,0.0,4.49439,47928,218778.0
Match Dating App : Chat & Meet,"Social Networking, Lifestyle",17+,16.0,2025-08-14,25.08.01,0.0,3.88574,196966,157428.0
BLK: Black Singles Dating App,"Social Networking, Lifestyle",17+,16.0,2025-09-17,11.11.1,0.0,4.57744,517266,237435.0
Tagged Dating: Chat & Go Live!,"Social Networking, Lifestyle",17+,15.0,2025-09-24,210.0,0.0,4.48778,460268,308195.0
Boo — Dating. Friends. Chat.,"Social Networking, Lifestyle",17+,15.5,2025-09-18,1.13.96,0.0,4.1902,167906,175006.0
Chispa: Dating App for Latinos,"Social Networking, Lifestyle",17+,16.0,2025-09-26,11.11.2,0.0,4.53317,352397,245211.0
"Wink Dating: Meet, Chat & Date","Lifestyle, Social Networking",17+,17.0,2025-09-22,11.7.0,0.0,4.46598,308027,504430.0
happn: dating app,"Lifestyle, Social Networking",17+,16.4,2025-09-23,2025.18.0,0.0,4.32437,44066,111876.0
Grindr - Gay Dating & Chat,"Social Networking, Lifestyle",17+,15.0,2025-09-11,25.15.0,0.0,4.4714,370149,309875.0
Feeld: Open-Minded Dating App,"Lifestyle, Social Networking",17+,16.0,2025-09-05,8.3.0,0.0,4.31449,86833,216412.0
Upward: Christian Dating App,"Social Networking, Lifestyle",17+,16.0,2025-09-17,11.11.1,0.0,4.35583,145856,229959.0
3Fun: Couples & Singles Dating,"Social Networking, Lifestyle",17+,16.0,2025-09-25,3.5.3,0.0,4.43975,131903,62894.0
Wizz App - chat now,"Social Networking, Lifestyle",12+,15.5,2025-09-22,9.69.0,0.0,4.25122,291149,288508.0
Zoosk - Social Dating App,"Social Networking, Lifestyle",17+,15.0,2025-05-27,10.4.1,0.0,4.16235,105413,349075.0
Skout Dating App & Live Chat,"Social Networking, Lifestyle",17+,15.0,2025-09-23,210.0,0.0,4.37215,187675,310859.0
PURE: Anonymous Dating App,"Lifestyle, Social Networking",17+,15.0,2025-09-19,3.9.0,0.0,4.33866,72270,151980.0
Taimi LGBTQ+ Dating & Chat App,"Social Networking, Lifestyle",17+,13.4,2025-09-25,5.1.368,0.0,4.4226,173282,146517.0
Cougar Dating App - CougarD,Social Networking,17+,13.0,2025-09-20,3.5.3,0.0,4.1974,43391,120210.0
Kasual Dating App: Chat & Date,"Lifestyle, Social Networking",17+,12.0,2025-05-30,4.0.3,0.0,4.48414,98949,149807.0
BBW Dating & Curvy Meet: Bustr,"Social Networking, Lifestyle",17+,13.0,2025-09-23,4.1.7,0.0,4.25656,53921,89937.0
Coffee Meets Bagel: Dating App,"Lifestyle, Social Networking",17+,15.0,2025-09-25,9.21.0,0.0,4.3844,14901,99862.0
Bumpy – International Dating,"Social Networking, Lifestyle",17+,14.6,2025-09-19,2.6.16,0.0,4.57372,21202,71329.0
eharmony: dating & real love,"Lifestyle, Social Networking",17+,15.2,2025-09-24,10.67,0.0,4.04727,43177,115467.0
Jaumo Dating App: Flirt & Chat,"Lifestyle, Social Networking",17+,15.0,2025-09-25,202509.1.1,0.0,4.72776,11464,132664.0
"EZMatch: 18+ Dating,Meet&Flirt","Lifestyle, Social Networking",17+,12.0,2025-08-28,3.1.4,0.0,4.54549,25780,134250.0
The League: Intelligent Dating,"Lifestyle, Social Networking",17+,15.0,2025-09-09,2.9.9912,0.0,4.19128,48903,190566.0
Wild: Adult Casual Dating App,"Lifestyle, Social Networking",17+,14.0,2025-09-12,2.6.6,0.0,4.41694,65872,74187.0
Luxy - Selective Dating App,"Social Networking, Lifestyle",17+,14.0,2025-09-22,7.29.11,0.0,4.72529,100570,298092.0
HER:Lesbian&Queer LGBTQ Dating,"Lifestyle, Social Networking",17+,16.0,2025-09-24,6.25.9,0.0,4.40742,56889,287546.0
Yubo : Make friends & chat now,"Social Networking, Lifestyle",17+,17.0,2025-09-25,4.161.0,0.0,4.52278,360695,143895.0
Chat & Date: Online Dating App,"Lifestyle, Social Networking",17+,12.0,2022-03-07,5.254.0,0.0,4.20797,4967,161755.0
FET: Kinky BDSM Dating App,"Social Networking, Lifestyle",17+,15.1,2025-08-25,13.3.0,0.0,4.36219,16480,143937.0
Once: Love Match Maker,"Lifestyle, Social Networking",17+,13.4,2025-09-22,2.41.0,0.0,3.74733,41022,77326.0
LOVOO - Dating App & Chat App,"Lifestyle, Entertainment",17+,15.0,2025-09-24,210.0,0.0,4.553,9347,309559.0
Holy — Christian Dating App,"Social Networking, Lifestyle",17+,16.6,2025-08-14,9.17,0.0,4.70059,27872,35604.0
RAW - Date 100% real people,"Lifestyle, Social Networking",17+,14.0,2025-09-20,1.34.0,0.0,4.3558,4823,92511.0
Mingle2 - Dating & Meet People,"Lifestyle, Social Networking",17+,16.0,2025-09-02,3.28.0,0.0,4.41075,77977,302087.0
Kismia Dating - Meet Singles,"Lifestyle, Social Networking",17+,16.0,2025-09-20,1.9.21,0.0,4.49749,87953,190859.0
Duolingo - Language Lessons,"Education, Social Networking",4+,16.0,2025-09-22,7.92.0,0.0,4.72991,4535571,502534.0
Elevate - Brain Training Games,"Education, Puzzle, Word, Games",4+,16.0,2025-09-22,5.208.0,0.0,4.77288,497839,498464.0
Quizlet: More than Flashcards,Education,4+,16.0,2025-09-23,10.6,0.0,4.77718,983863,199081.0
TED Talks: Watch and Learn,"Education, Entertainment",12+,15.6,2025-09-24,7577,0.0,4.60902,10241,183370.0
Impulse - Brain Training,"Health & Fitness, Education",4+,16.0,2025-09-18,1.35,0.0,4.7488,780822,193557.0
Alison: Online Education App,Education,12+,15.6,2025-09-03,313,0.0,4.81433,8413,86285.0
Visual Anatomy Lite,"Medical, Education",12+,12.0,2025-04-10,5.6,0.0,4.67631,3318,136929.0
NASA,"Education, Reference",4+,15.6,2025-08-02,5.19,0.0,4.82746,63613,49267.0
The Great Courses Plus,"Education, Lifestyle",4+,15.0,2025-09-24,7.1.2,0.0,4.78888,17128,112340.0
"IXL - Math, English, & More","Education, Family, Games",4+,15.0,2025-07-15,10.6,0.0,4.32171,179087,125400.0
BrainPOP,Education,4+,15.0,2025-07-21,4.0.8,0.0,4.7313,34235,26058.0
Lumosity: Brain Training,"Education, Health & Fitness",4+,13.0,2025-09-21,10.19.41,0.0,4.6613,115200,199165.0
Wikipedia,"Reference, Education",4+,16.6,2025-09-15,7.8.2,0.0,4.35767,5656,154287.0
Minecraft Education,Education,9+,13.0,2025-08-20,1.21.92,0.0,3.98147,35618,1187095.0
SplashLearn: Kids Learning App,"Education, Puzzle, Games, Family",4+,13.0,2025-09-18,7.3.5,0.0,4.51471,30358,453140.0
Yuno - General knowledge,"Education, Books",4+,16.0,2025-09-22,4.9.1,0.0,4.76154,7364,111474.0
Udemy Online Video Courses,"Education, Productivity",4+,17.2,2025-09-04,8.93.0,0.0,4.73254,76478,142327.0
Lecturio Medical Education,"Medical, Education",17+,15.0,2025-09-17,34.1.0,0.0,4.79709,4189,123879.0
Babbel - Language Learning,"Education, Travel",12+,15.0,2025-09-15,21.83.0,0.0,4.72546,699988,166335.0
Kahoot! Play & Create Quizzes,"Education, Trivia, Games",4+,16.0,2025-09-25,6.4.7,0.0,4.56525,46613,240070.0
Wayground,"Education, Games",4+,13.0,2025-09-25,8.18,0.0,4.75286,41897,91667.0
Word of the Day・Vocabulary,"Education, Reference",4+,16.0,2025-09-22,9.12.12,0.0,4.67117,35438,208335.0
Revel by Pearson,"Education, Books",12+,15.0,2025-09-12,8.11.366,0.0,4.72919,8877,272106.0
Blinkist: Book Summaries Daily,"Education, Books",12+,16.4,2025-09-15,10.17.0,0.0,4.77897,141838,242130.0
Mimo: Learn Coding in Python,"Education, Developer Tools",4+,16.0,2025-09-22,9.25.0,0.0,4.85547,100375,201627.0
MedicTests 2025 EMS Education,"Education, Medical",17+,15.0,2025-09-17,10.1.5,0.0,4.80785,1655,35302.0
Acellus,Education,4+,16.4,2025-03-06,3.1.5,0.0,4.50833,31706,10746.0
LinkedIn Learning,"Education, Productivity",4+,16.0,2025-09-08,2025.9,0.0,4.80645,77887,88595.0
Frontline Education,"Education, Utilities",4+,15.0,2025-07-23,12.4.1,0.0,4.73139,65449,35029.0
Peak - Brain Training,"Education, Health & Fitness",4+,15.0,2025-09-22,5.36.5,0.0,4.65824,145047,309685.0
MasterClass: Online Classes,"Education, Entertainment",12+,15.0,2025-07-29,11.89.0,0.0,4.87517,122640,126671.0
Pearson+ | Study Prep & eTexts,"Education, Books",12+,16.0,2025-09-12,1.2.683,0.0,4.8243,50835,489865.0
Knowunity: AI Study Tutor,"Education, Social Networking",4+,16.6,2025-09-25,5.39.0,0.0,4.63408,3684,199898.0
Education by SendPulse,Education,4+,11.0,2025-07-22,1.14.0,0.0,4.89632,299,43921.0
Prodigy Math Game,"Education, Games, Role Playing, Adventure",4+,13.4,2025-09-18,4.9.4,0.0,4.74679,182406,38804.0
EM:RAP - Medical Education,"Medical, Education",17+,15.1,2025-08-04,22.4.0,0.0,4.82125,3575,51290.0
Full Code Medical Simulation,"Medical, Education",17+,14.0,2025-08-13,3.5.1,0.0,4.77353,5599,93181.0
Starfall,"Education, Music",4+,12.0,2025-09-20,3.3.24,0.0,4.06543,3882,156293.0
Math Balance Educational Games,"Education, Lifestyle",4+,11.2,2024-08-14,72.0.1,0.0,4.3726,4168,141219.0
Box Tops for Education™,"Shopping, Education",4+,16.0,2025-09-17,4.163.0,0.0,4.6811,145634,144429.0
ClassLink LaunchPad,"Education, Business",4+,15.0,2025-08-18,40.3.1,0.0,4.23742,7013,69510.0
Blackboard,"Education, Productivity",4+,14.0,2025-09-08,10.6.0,0.0,4.59342,431928,171172.0
DriverEdToGo Driver Education,"Education, Reference",4+,15.1,2025-09-20,4.0.17,0.0,4.70833,1536,65817.0
Ausmed - CE Portfolio App,"Medical, Education",4+,15.0,2025-08-24,9.1.0,0.0,4.69444,36,24143.0
10 Minute School,"Education, Productivity",4+,14.0,2025-09-15,2.9.3,0.0,4.38298,1034,282408.0
EducUp - Learn easy and fun,"Education, Lifestyle",4+,12.0,2025-09-09,3.11.6,0.0,4.78006,7393,94210.0
Edulog Parent Portal,Education,4+,12.4,2025-08-29,1.18.1,0.0,4.04624,8562,61647.0
Disney+,Entertainment,4+,16.5,2025-09-22,4.12.0,0.0,4.60147,1956893,201563.0
YouTube,"Photo & Video, Entertainment",12+,16.0,2025-09-23,20.38.4,0.0,4.68051,43810410,330464.0
Netflix,"Entertainment, Lifestyle",12+,17.0,2025-09-22,17.50.0,0.0,4.73287,4577696,196933.0
Tubi: Movies & Live TV,"Entertainment, Lifestyle",12+,15.0,2025-09-21,9.38.0,0.0,4.77398,875582,211191.0
Hulu: Stream TV shows & movies,"Entertainment, Lifestyle",12+,16.4,2025-09-22,9.17.0,0.0,4.57795,1427548,203111.0
HBO Max: Stream Movies & TV,"Entertainment, Lifestyle",12+,15.0,2025-09-25,6.5.1,0.0,4.86772,4362999,208975.0
Amazon Prime Video,"Entertainment, Lifestyle",12+,16.0,2025-09-26,10.98,0.0,4.77001,2999398,234584.0
Spotify: Music and Podcasts,"Music, Entertainment",12+,16.1,2025-09-24,9.0.82,0.0,4.78773,37059921,225839.0
Peacock TV: Stream TV & Movies,Entertainment,12+,15.0,2025-09-16,6.9.21,0.0,4.6635,3093168,117500.0
Pluto TV: Stream Movies/Shows,"Entertainment, News",17+,16.0,2025-09-02,5.70.1,0.0,4.7787,1447958,122338.0
Twitch: Live Streaming,"Photo & Video, Social Networking",12+,16.4,2025-09-22,26.2,0.0,4.7203,2559079,381674.0
Paramount+,Entertainment,12+,16.0,2025-09-15,15.4.0,0.0,4.61263,772797,148020.0
The Roku App (Official),"Entertainment, Utilities",12+,16.0,2025-08-29,13.0.0,0.0,4.75323,4821245,130187.0
"TikTok - Videos, Shop & LIVE","Entertainment, Photo & Video",12+,12.0,2025-09-23,41.8.0,0.0,4.73823,18161822,620979.0
Crunchyroll,"Entertainment, Lifestyle",17+,16.0,2025-09-24,4.87.3,0.0,4.76107,1243483,194182.0
Snapchat,"Photo & Video, Social Networking",12+,14.0,2025-09-26,13.60.1.0,0.0,4.69678,4837744,308368.0
ESPN: Live Sports & Scores,"Sports, Entertainment",4+,17.0,2025-09-22,8.2.1,0.0,4.6528,3731299,209752.0
STARZ,Entertainment,17+,17.0,2025-09-22,8.11.1,0.0,4.81194,331455,48007.0
Stack,"Games, Entertainment, Action, Casual",12+,13.0,2025-09-18,3.63,0.0,4.40609,55971,194688.0
Akinator,"Entertainment, Trivia, Games, Family",12+,12.0,2025-09-15,8.51,0.0,4.62294,378547,221117.0
E! News,"News, Entertainment",12+,14.0,2025-08-12,5.3.9,0.0,4.75453,48300,87504.0
TMZ,"News, Entertainment",12+,15.1,2025-09-09,5.26.0,0.0,4.84279,199933,79439.0
Chess - Play & Learn Online,"Games, Strategy, Board, Entertainment",4+,16.0,2025-09-22,4.9.16,0.0,4.81322,635517,301048.0
Plex: Watch Live TV and Movies,"Entertainment, Photo & Video",12+,16.0,2025-09-17,2025.25.0,0.0,4.61761,134240,90233.0
IMDb: Movies & TV Shows,"Entertainment, Lifestyle",12+,17.0,2025-09-12,15.13.1,0.0,4.79248,540838,129509.0
"Sling: Live TV, Sports & News","Entertainment, News",12+,16.1,2025-09-18,9.8.0,0.0,4.60306,225559,110173.0
IGN Entertainment,"Entertainment, News",12+,15.1,2025-09-15,6.5.42,0.0,4.36142,19728,70394.0
Entertainment® Coupons,"Shopping, Lifestyle",4+,15.6,2025-06-27,5.3.1,0.0,4.25179,1950,15953.0
VidAngel,Entertainment,12+,16.0,2025-09-26,6.7.155,0.0,3.51146,1222,53275.0
MGM+,Entertainment,17+,16.0,2025-09-17,222.0,0.0,4.8369,74075,89395.0
aha - 100% Local Entertainment,Entertainment,12+,12.4,2025-09-10,3.21,0.0,4.38134,27283,140948.0
BookMyShow | Movies & Events,Entertainment,4+,15.0,2025-09-16,6.1.6,0.0,4.78228,11938,107066.0
Angry Birds Friends,"Games, Casual, Puzzle, Entertainment",4+,13.0,2025-09-11,13.5.1,0.0,4.63229,125296,236287.0
AMC Theatres: Movies & More,"Entertainment, Lifestyle",4+,15.0,2025-09-09,7.0.114,0.0,4.83601,1146415,114346.0
Gishort - Short Dramas & Reels,Entertainment,17+,15.6,2025-09-24,2.2.2,0.0,4.0,4,61671.0
WWE,"Entertainment, Sports",12+,13.0,2025-07-21,54.27.1,0.0,3.73044,5457,75498.0
Angry Birds Blast,"Games, Puzzle, Casual",12+,12.0,2025-09-24,2.8.4,0.0,4.62073,34052,631133.0
Kanopy,"Entertainment, Education",4+,13.0,2025-09-16,6.12,0.0,4.7926,131786,106678.0
The Lord of the Rings: War,"Games, Simulation, Strategy",12+,11.0,2025-08-06,3.0.1059993,0.0,4.33284,18324,2053677.0
Main Event Entertainment,"Entertainment, Food & Drink",12+,16.0,2025-08-04,2.7.7,0.0,4.73906,7335,257254.0
Fandango at Home,"Entertainment, Photo & Video",12+,17.0,2025-08-26,10.3,0.0,4.73148,289561,62543.0
CoCalm,"Entertainment, Music",17+,14.0,2025-03-04,2.12,0.0,4.97203,143,30151.0
The ENTERTAINER,"Lifestyle, Shopping",12+,14.0,2025-08-18,9.10.15,0.0,4.80016,24800,227787.0
NetShort - Popular Dramas & TV,Entertainment,12+,13.0,2025-09-22,1.8.5,0.0,4.60012,62741,125636.0
Disney Heroes: Battle Mode,"Games, Strategy, Role Playing",9+,10.0,2025-09-09,7.4,0.0,4.57763,43933,649372.0
Acorn TV: Brilliant Hit Series,Entertainment,12+,14.0,2025-09-02,4.0.43 (486),0.0,4.67023,22291,82117.0
"Viki: Asian Drama, Movies & TV","Entertainment, Lifestyle",12+,18.0,2025-09-04,25.8.0,0.0,4.77048,455634,74587.0
Shazam: Find Music & Concerts,"Music, Entertainment",12+,16.0,2025-09-16,18.21,0.0,4.89859,8386986,63172.0
JioHotstar,"Entertainment, Sports",12+,15.0,2025-09-22,25.09.15,0.0,4.62479,99765,150845.0
Eventbrite,"Entertainment, Lifestyle",12+,15.0,2025-09-10,10.27.0,0.0,4.89522,1537013,165735.0
Meetup: Social Events & Groups,"Social Networking, Lifestyle",12+,15.0,2025-09-24,2025.9.20,0.0,4.72621,268401,204207.0
Fever: Events & Tickets,"Entertainment, Lifestyle",12+,16.0,2025-09-22,7.199.0,0.0,4.78115,58615,127854.0
Posh – Create & Find Events,"Entertainment, Utilities",17+,15.6,2025-09-18,7.17.0,0.0,4.8957,17018,150502.0
AllEvents - Discover Events,"Entertainment, Travel",12+,13.0,2025-09-20,12.2.37,0.0,4.79755,4253,119486.0
"Ticketmaster－Buy, Sell Tickets","Entertainment, Music",4+,16.6,2025-09-08,268.0,0.0,4.78855,3675223,93226.0
DICE: Live Shows,"Music, Entertainment",12+,16.7,2025-09-08,4.219.0,0.0,4.87697,72388,53787.0
StubHub: Event Tickets,"Entertainment, Sports",4+,15.1,2025-09-26,102.10.0,0.0,4.77918,1321384,90094.0
Groupon - Local Deals Near Me,"Shopping, Food & Drink",12+,15.1,2025-09-18,25.20.0,0.0,4.80295,562297,203989.0
Nextdoor: Neighborhood Network,"News, Social Networking",12+,17.0,2025-09-25,6.165.2,0.0,4.70802,1955671,300028.0
"Locals: Clubs, Events, People","Social Networking, Lifestyle",17+,15.1,2025-09-15,10.2,0.0,4.58685,852,95628.0
Luma: Events & Invites,"Lifestyle, Productivity",4+,16.4,2025-09-20,2.12.2,0.0,4.93839,6851,86161.0
SeatGeek - Buy Event Tickets,"Entertainment, Sports",4+,16.0,2025-09-18,21.1.0,0.0,4.86323,932001,124527.0
Cvent Events,"Business, Productivity",4+,17.0,2025-09-17,1.122.0,0.0,4.84959,22227,63017.0
Gametime - Last Minute Tickets,"Entertainment, Sports",4+,14.0,2025-09-22,2025.25.1,0.0,4.65273,235089,96282.0
Radiate,"Social Networking, Lifestyle",17+,15.6,2025-09-16,27.8,0.0,4.86824,23983,201232.0
Patch - Everything Local,"News, Lifestyle",12+,13.4,2025-03-21,9.0.48,0.0,4.69994,23955,64457.0
OpenTable,"Food & Drink, Travel",17+,16.1,2025-09-22,18.23.0,0.0,4.91668,4959593,127245.0
Vivid Seats | Buy Tickets,"Entertainment, Sports",12+,15.1,2025-09-22,2025.113.0,0.0,4.73528,370673,144269.0
"Yelp: Food, Services & Reviews","Food & Drink, Travel",12+,17.0,2025-09-22,25.38.0,0.0,4.50497,1687192,317236.0
Whova - Event & Conference App,"Business, Social Networking",12+,15.0,2025-09-22,11.6.0,0.0,4.79877,221141,127488.0
AXS Tickets,"Entertainment, Music",4+,14.0,2025-09-11,6.21.2,0.0,4.6653,423183,78348.0
Countdown: Event Countdown,"Productivity, Lifestyle",4+,14.0,2025-06-18,5.17,0.0,4.74598,22518,141167.0
Events by Launchmetrics,"Business, Productivity",4+,13.0,2025-08-22,2.18.2,0.0,3.71429,7,31342.0
RA Guide,"Music, Lifestyle",12+,16.0,2025-09-24,3.0.3,0.0,4.85855,7395,48381.0
Nrby Events,"Entertainment, Lifestyle",12+,13.0,2023-10-08,1.11.0,0.0,4.38462,13,64155.0
Eventurf,Productivity,17+,15.0,2025-09-05,2.7.077,0.0,4.97959,49,124984.0
TodayTix – Broadway Tickets,"Entertainment, Lifestyle",4+,16.4,2025-09-27,2.280.0,0.0,4.83053,39158,80787.0
Meetup for Organizers,"Social Networking, Lifestyle",12+,15.0,2025-09-18,2025.09.16,0.0,4.56574,5522,85693.0
Allianz Life Events,"Business, Productivity",4+,14.0,2022-04-19,1.57,0.0,5.0,2,74463.0
EventSmack,"Entertainment, Travel",12+,12.0,2022-07-27,2.1.9,0.0,5.0,13,71148.0
TickPick: No Fee Tickets,"Entertainment, Sports",4+,15.0,2025-09-23,5.0.45,0.0,4.84913,305783,62060.0
Guidebook,"Business, Travel",12+,16.6,2025-08-11,8.7.3,0.0,4.69433,3687,54361.0
Bandsintown Concerts,"Music, Social Networking",4+,13.0,2025-08-18,9.8.4,0.0,4.71739,47310,101231.0
Evntures - Find Events By You,"Travel, Food & Drink",12+,13.0,2023-06-07,1.43,0.0,4.83333,24,20657.0
Eventbrite Organizer,"Business, Productivity",4+,14.0,2025-09-03,10.28.0,0.0,4.79087,29173,87545.0
IEEE EventHub,"Business, Reference",4+,17.0,2025-03-11,3.0.10,0.0,4.0,4,37252.0
IAB Events,"Business, Education",12+,15.1,2025-04-25,3.2.0,0.0,4.91667,12,33949.0
EventEdge,"Business, Reference",17+,12.0,2023-02-08,4.3,0.0,4.5,2,54100.0
SBE Events,Business,4+,13.0,2025-08-01,6.7,0.0,4.80307,1757,127206.0
talque,"Social Networking, Productivity",4+,15.1,2025-09-08,2.37.3,0.0,4.91837,49,111966.0
Plots - Host & Find Events,"Social Networking, Lifestyle",17+,17.0,2025-08-27,2.1.0,0.0,4.69611,1109,217009.0
Velera Events,"Business, Productivity",17+,17.0,2025-06-27,2.9.0,0.0,5.0,1,60270.0
Nationwide Events,Finance,4+,17.0,2025-09-10,1.21.2,0.0,4.59999,5,59442.0
OneDigital Team Events,Business,4+,16.0,2025-09-15,2.43.0,0.0,5.0,1,49384.0
Sun Events,Business,17+,11.0,2023-05-01,1.5,0.0,4.66667,3,55034.0
Red Bull TV: Watch Live Events,"Entertainment, Sports",12+,17.0,2025-09-25,7.3.2,0.0,4.88208,12670,121803.0
Accupass - Event Platform,"Lifestyle, Entertainment",4+,13.0,2025-09-10,6.7.0,0.0,4.75881,369,60703.0
Eventer - Unforgettable Events,"Photo & Video, Entertainment",12+,14.0,2025-08-20,12.1.1,0.0,4.55556,27,21451.0
Yahoo Finance: Stocks & News,"Finance, News",4+,18.0,2025-09-22,25.18.3,0.0,4.75086,600387,170570.0
Copilot: Track & Budget Money,"Finance, Productivity",4+,15.6,2025-09-25,7.0.4,0.0,4.7624,23687,263440.0
Robinhood: Trading & Investing,"Finance, Utilities",17+,16.0,2025-09-22,2025.38.0,0.0,4.26492,4610293,576669.0
Stocks,"Finance, Utilities",4+,10.0,2025-09-15,2.9.1,0.0,4.56217,644960,4483.0
ChatGPT,"Productivity, Utilities",12+,17.0,2025-09-24,1.2025.261,0.0,4.86573,3855074,117955.0
Rocket Money - Bills & Budgets,"Finance, Productivity",4+,15.1,2025-09-23,10.3.0,0.0,4.47278,265394,107550.0
Fidelity Investments,"Finance, Business",4+,16.0,2025-09-12,4.17,0.0,4.78362,2848735,361733.0
Intuit Credit Karma,"Finance, Productivity",4+,15.0,2025-09-23,25.39,0.0,4.84357,7354259,205981.0
Chime – Mobile Banking,"Finance, Lifestyle",4+,15.1,2025-09-23,5.293.0,0.0,4.81804,1173745,207761.0
NerdWallet: Smart Money App,Finance,4+,15.1,2025-09-23,14.4.0,0.0,4.83242,118897,80292.0
Cash App: Mobile Banking,"Finance, Business",4+,16.0,2025-09-24,5.18.1,0.0,4.79016,7850798,312928.0
Venmo,"Finance, Utilities",4+,14.0,2025-09-24,10.74.1,0.0,4.85479,15451533,539213.0
"SoFi: Bank, Invest & Loans","Finance, Business",12+,15.2,2025-09-19,3.62.0,0.0,4.76004,380863,231457.0
Acorns: Invest For Your Future,"Finance, Productivity",4+,16.6,2025-09-23,4.163.0,0.0,4.7459,930296,293939.0
True Finance: Cash Advance,Finance,4+,15.1,2025-08-10,9.5.0,0.0,4.78185,23704,96004.0
Capital One Mobile,Finance,4+,16.0,2025-09-15,6.31.0,0.0,4.85182,9763777,424090.0
Chase Mobile®: Bank & Invest,"Finance, Productivity",4+,16.0,2025-09-23,4.680,0.0,4.84381,8342224,409807.0
"PayPal - Pay, Send, Save","Finance, Utilities",4+,15.0,2025-09-25,8.93.1,0.0,4.78354,6299407,459939.0
The Wall Street Journal. News,"News, Magazines & Newspapers",12+,16.0,2025-09-10,14.49.0,0.0,4.70747,552111,207982.0
Tilt (formerly Empower),"Finance, Productivity",4+,15.0,2025-09-23,7.14.0,0.0,4.84593,374710,93477.0
"Dave: Credit, Cash & Money App",Finance,4+,15.5,2025-09-22,3.83.0,0.0,4.78528,740222,161824.0
Possible: Fast Cash & Credit,Finance,4+,15.1,2025-09-22,2.3.5,0.0,4.79073,123866,61916.0
MarketWatch - News & Data,"Finance, News",4+,14.0,2025-09-04,7.12.12,0.0,4.68635,227395,169012.0
Poll Pay: Earn Money & Cash,"Lifestyle, Productivity",4+,15.1,2025-09-10,7.1,0.0,4.65008,87506,104063.0
"The Economist - News, Podcasts","News, Magazines & Newspapers",12+,16.0,2025-09-24,4.54.0,0.0,4.86937,159229,93259.0
MoneyLion: Banking & Cash Back,"Finance, Productivity",17+,14.0,2025-09-22,7.135.0,0.0,4.7698,266133,210315.0
TradingView: Track All Markets,"Finance, News",17+,16.0,2025-09-20,2.116.1,0.0,4.85354,323787,175048.0
Discover Mobile,Finance,4+,15.0,2025-09-23,2518.0,0.0,4.85878,4386609,227484.0
"Affirm: Buy now, pay over time","Shopping, Finance",4+,16.0,2025-09-25,3.311.0,0.0,4.86498,1639829,193371.0
Amex,"Finance, Business",4+,17.2,2025-09-23,7.22.2,0.0,4.8822,4049943,382200.0
Barron’s - Investing Insights,"News, Magazines & Newspapers",4+,14.0,2025-09-23,5.20.0,0.0,4.61751,12680,164199.0
Vola: Get Cash & Build Credit,"Finance, Education",4+,15.0,2025-09-23,4.3.05,0.0,4.55278,26461,131870.0
Marcus by Goldman Sachs®,"Finance, Utilities",4+,16.0,2025-09-19,2.14.0,0.0,4.8487,201733,183977.0
Beem: Better than Cash Advance,"Finance, Lifestyle",4+,12.4,2025-09-09,4.3.321,0.0,4.14846,23675,72714.0
Experian®,"Finance, Productivity",4+,17.0,2025-09-23,4.2.1,0.0,4.84449,2513304,203012.0
EveryDollar: Budget Management,"Finance, Productivity",4+,15.0,2025-09-24,2025.9.220,0.0,4.73317,77781,217078.0
Schwab Mobile,Finance,4+,17.0,2025-09-26,15.9.0,0.0,4.7752,1074530,233332.0
"Vanguard: Save, Invest, Retire",Finance,4+,16.0,2025-09-17,13.13.0,0.0,4.65233,176243,731872.0
"Coinbase: Buy BTC, ETH, SOL","Finance, Business",4+,15.1,2025-09-22,13.34.21,0.0,4.67893,1771002,270000.0
Cleo AI: Smart Money Manager,"Finance, Productivity",9+,15.6,2025-09-24,3.9.0,0.0,4.61273,165846,149336.0
Investing.com: Stock Market,"Finance, Business",4+,17.0,2025-09-14,6.59.3,0.0,4.74993,34222,339186.0
OnePay – Mobile Banking,Finance,4+,15.1,2025-09-25,5.26.0,0.0,4.84619,197786,143410.0
Bank of America Mobile Banking,"Finance, Business",4+,16.0,2025-09-15,25.09.04,0.0,4.81497,4894527,504338.0
Wealthfront: Save and Invest,"Finance, Business",4+,16.0,2025-09-22,2025.9.19,0.0,4.79851,17177,219281.0
M1: Invest & Bank Smarter,Finance,4+,17.0,2025-09-23,2025.9.4,0.0,4.68384,69323,491322.0
"Revolut: Send, spend and save","Finance, Travel",4+,13.0,2025-09-24,10.98,0.0,4.70105,58718,438830.0
thinkorswim: Trade. Invest.,"Finance, Business",4+,16.0,2025-09-24,223,0.0,4.73747,325621,151130.0
Panera Bread,"Food & Drink, Lifestyle",4+,16.6,2025-09-25,5.23,0.0,4.90602,1122505,155038.0
FOOD & WINE,"Food & Drink, Magazines & Newspapers",17+,13.0,2025-08-14,104.9.0,0.0,4.41543,337,78081.0
7NOW: Food & Drinks Delivery,"Food & Drink, Shopping",12+,15.0,2025-09-24,5.2509.1,0.0,4.73636,158544,142803.0
Gopuff - Food & Drink Delivery,"Food & Drink, Lifestyle",12+,13.4,2025-09-22,10.73.0,0.0,4.79215,236257,83190.0
Taco Bell Fast Food & Delivery,"Food & Drink, Lifestyle",4+,16.6,2025-09-24,8.77.1,0.0,4.67321,1133852,237473.0
Food & Drink Matters,Business,4+,12.1,2023-09-05,3.0.8,0.0,0.0,0,14858.0
Popeyes®,"Food & Drink, Lifestyle",17+,15.1,2025-09-24,7.35.0,0.0,4.79352,302006,69962.0
Shake Shack,Food & Drink,4+,15.0,2025-09-23,4.76.0,0.0,4.80288,527478,132289.0
Panda Express,Food & Drink,4+,12.0,2025-08-20,7.2.1,0.0,4.83463,468521,149070.0
HelloFresh: Meal Kit Delivery,"Food & Drink, Lifestyle",4+,16.0,2025-09-24,25.39,0.0,4.72426,218132,376425.0
Smoothie King,"Food & Drink, Lifestyle",17+,13.0,2025-07-30,5.6.1,0.0,4.846,219156,184874.0
"Careem – rides, food & more","Travel, Food & Drink",4+,16.4,2025-09-23,25.38.0,0.0,4.64309,195030,460218.0
Little Caesars Pizza,Food & Drink,4+,16.0,2025-09-22,25.18.0,0.0,4.76879,705055,73869.0
Calories and nutrition tracker,"Health & Fitness, Food & Drink",4+,13.0,2025-04-18,5.0.0,0.0,4.74393,5846,56560.0
Swiggy: Food Instamart Dineout,"Food & Drink, Shopping",4+,15.0,2025-09-24,6.7.1,0.0,4.5925,32253,212716.0
Trivia Quest™ Food & Drink - trivia questions,"Games, Food & Drink, Trivia, Family",4+,6.0,2015-08-13,1.0,0.0,4.11538,26,7213.0
Beli,"Food & Drink, Travel",12+,16.6,2025-09-27,7.9.13,0.0,4.88115,11536,150685.0
E-GetS : Food & Drink Delivery,"Food & Drink, Lifestyle",12+,11.0,2025-09-17,4.5.21,0.0,4.60411,341,284317.0
Dunkin',Food & Drink,4+,15.0,2025-08-26,11.16.1,0.0,4.81207,1205256,323370.0
foodpanda: Food & Groceries,"Food & Drink, Shopping",4+,15.0,2025-09-24,25.38.0,0.0,4.55292,246634,285618.0
The Infatuation,"Food & Drink, Travel",12+,13.4,2025-09-19,7.10.0,0.0,4.83652,13757,51706.0
Urbanspoon - Restaurant & Food Reviews,"Food & Drink, Travel",4+,8.0,2019-02-03,3.6,0.0,1.45679,243,48651.0
elmenus,"Food & Drink, Lifestyle",4+,14.0,2025-05-19,6.7.39,0.0,4.50718,12467,161716.0
Fooda - Office Lunch Services,"Food & Drink, Lifestyle",4+,16.0,2025-09-16,8.13.0,0.0,4.71812,56779,56461.0
Jamba,Food & Drink,4+,15.0,2025-08-21,4.19,0.0,4.78183,109661,78285.0
"8,500+ Drink Recipes","Food & Drink, Lifestyle",17+,11.0,2025-04-14,7.4.1,0.0,4.68569,32051,103844.0
Kezo AI Food & Drink Assistant,"Food & Drink, Social Networking",4+,15.0,2025-09-16,6.0.40 (52),0.0,5.0,9,122819.0
Too Good To Go: End Food Waste,"Food & Drink, Lifestyle",4+,15.0,2025-09-16,25.9.10,0.0,4.93143,387171,103524.0
7Krave Food & Grocery Delivery,Food & Drink,12+,13.0,2024-09-02,3.1.4,0.0,4.63865,7317,57227.0
Cocktail Flow - Drink Recipes,"Food & Drink, Lifestyle",17+,11.0,2019-12-14,3.4,0.0,4.73684,19825,134068.0
olive Magazine - Food & Drink,"Food & Drink, Magazines & Newspapers",4+,14.0,2024-01-30,8.7,0.0,4.59999,50,50406.0
Granite City Rewards,"Food & Drink, Lifestyle",4+,13.0,2023-12-12,1.4,0.0,4.84101,7183,88339.0
Zaxbys,"Food & Drink, Lifestyle",4+,15.0,2025-08-21,12.3.0,0.0,4.70043,111360,114433.0
Spain Food & Drink Guide,"Food & Drink, Travel",12+,12.0,2024-07-22,2.1,2.99,0.0,0,146993.0
Food & Drinks Find Differences,"Games, Puzzle, Food & Drink",4+,13.0,2025-03-06,7.4.2,0.0,4.74045,393,240170.0
"talabat: Food, grocery & more","Food & Drink, Lifestyle",4+,13.0,2025-09-25,12.99.0,0.0,4.58664,254796,215131.0
Freddy’s,Food & Drink,4+,13.0,2025-05-29,25.5.29,0.0,4.8388,91884,55034.0
Chilis,"Food & Drink, Lifestyle",4+,15.6,2025-09-03,8.2.3,0.0,4.83631,680772,44005.0
Applebee’s,Food & Drink,4+,15.4,2025-09-24,4.32.0,0.0,4.86936,199404,46967.0
Zomato: Food Delivery & Dining,"Food & Drink, Lifestyle",4+,16.0,2025-09-19,18.47.8,0.0,4.67795,121644,200762.0
LCBO Food & Drink Magazine,"Magazines & Newspapers, Food & Drink",4+,11.2,2025-03-04,7.2.10,0.0,4.84145,82,25243.0
Beyond Menu Food Delivery,"Food & Drink, Lifestyle",4+,14.0,2025-09-17,3.20,0.0,4.80503,122421,117796.0
Firehouse Subs,"Food & Drink, Lifestyle",4+,15.1,2025-09-24,11.17.0,0.0,4.90921,133645,51572.0
"getir: groceries, food&beyond","Shopping, Food & Drink",4+,15.0,2025-09-22,25.20.0,0.0,4.85935,29144,348869.0
Starship - Food Delivery,"Food & Drink, Shopping",17+,14.0,2025-09-01,2.39.8,0.0,4.85851,15655,150166.0
HungryPanda熊猫外卖,"Food & Drink, Lifestyle",17+,15.1,2025-09-21,8.68.0,0.0,4.68982,16516,283826.0
foodora: Food & Groceries,"Food & Drink, Lifestyle",4+,15.0,2025-09-25,25.38.0,0.0,4.49876,806,244694.0
Talabatey طلباتي,"Food & Drink, Shopping",4+,15.0,2025-09-08,12.0,0.0,4.40028,31046,146429.0
Tasty Food & Drink,Food & Drink,12+,12.0,2024-09-18,11.42.1,0.0,0.0,0,86792.0
Sworkit Fitness & Wellness App,"Health & Fitness, Travel",4+,16.6,2025-09-23,11.4.0,0.0,4.70735,29858,167457.0
Virtuagym: Fitness & Workouts,"Health & Fitness, Lifestyle",12+,13.0,2025-09-02,11.6.3,0.0,4.78761,7731,184031.0
24GO by 24 Hour Fitness,Health & Fitness,4+,16.0,2025-09-21,1.79.0,0.0,4.50267,11980,189996.0
Zing AI: Home & Gym Workouts,"Health & Fitness, Lifestyle",4+,17.0,2025-08-25,1.113.1,0.0,4.77167,29597,310431.0
Fitbit: Health & Fitness,"Health & Fitness, Lifestyle",4+,16.4,2025-09-15,4.52,0.0,4.50802,588439,294476.0
Life Time Digital,Health & Fitness,12+,17.0,2025-09-22,2025.9.19,0.0,4.77686,177276,217233.0
Mindbody: Fitness & Wellness,"Health & Fitness, Lifestyle",4+,14.0,2025-09-22,8.2.0,0.0,4.89496,247471,342583.0
Peloton: Fitness & Workouts,"Health & Fitness, Lifestyle",12+,17.0,2025-09-22,15.115.0,0.0,4.91941,791931,486545.0
Personify Health,Health & Fitness,4+,16.0,2025-09-22,3.260.0,0.0,4.82003,229621,418998.0
Playbook - Trainers & Workouts,"Health & Fitness, Lifestyle",4+,15.0,2025-09-22,1.213.2,0.0,4.92217,27561,161782.0
Bodylura: Fitness & Nutrition,Health & Fitness,4+,15.6,2025-09-11,6.3.1,0.0,4.90263,7723,86544.0
Fitplan®: Gym & Home Workouts,"Health & Fitness, Lifestyle",4+,13.0,2025-01-16,8.0.0,0.0,4.76447,11039,101372.0
DDP Yoga Fitness & Motivation,"Health & Fitness, Lifestyle",12+,13.0,2025-08-06,1.0.3595,0.0,4.92363,14103,205273.0
iFIT At-Home Workout & Fitness,"Health & Fitness, Lifestyle",4+,16.0,2025-08-28,3.3.8,0.0,4.63276,55046,87832.0
JustFit: Lazy Workout & Fit,Health & Fitness,4+,14.0,2025-09-18,2.8.6,0.0,4.78655,207870,345771.0
Organic Fit: Workout for Women,"Health & Fitness, Sports",4+,15.1,2025-09-22,4.4.4,0.0,4.50471,26724,125980.0
FitHer: Daily Fitness Workouts,Health & Fitness,4+,13.0,2025-08-22,8.24.3,0.0,4.69805,9571,153992.0
SmartGym: Gym & Home Workouts,"Health & Fitness, Lifestyle",4+,15.0,2025-09-19,7.7.3,0.0,4.69874,27694,211093.0
Planet Fitness,"Health & Fitness, Lifestyle",4+,16.0,2025-09-22,9.11.3,0.0,4.86904,514131,164937.0
Hume Health,Health & Fitness,4+,14.0,2025-09-25,9.6.2,0.0,4.14004,43851,189651.0
BODi by Beachbody Home Fitness,"Health & Fitness, Lifestyle",4+,15.0,2025-09-24,10.6.0,0.0,4.88026,292104,119406.0
8fit Workouts & Meal Planner,"Health & Fitness, Food & Drink",4+,11.0,2023-06-28,23.02.0,0.0,4.69806,82128,97362.0
Keelo - Strength HIIT Workouts,Health & Fitness,17+,12.2,2021-10-30,7.8,0.0,4.80027,5943,79346.0
Tempo: Home Workout & Fitness,"Health & Fitness, Lifestyle",4+,16.0,2025-09-16,2025.38.0,0.0,4.78362,5421,359126.0
Fitness Buddy+ Workout Trainer,"Health & Fitness, Lifestyle",4+,13.0,2024-05-20,5.428,3.99,4.82156,11707,110548.0
GrowPal: Health & Fitness,"Health & Fitness, Utilities",4+,16.0,2025-09-26,2.2.3,0.0,4.74915,2356,337156.0
RH: Weight Loss and Fitness,"Health & Fitness, Food & Drink",17+,14.0,2025-09-25,2.56.0,0.0,4.34883,7852,98839.0
Workout Planner Muscle Booster,"Health & Fitness, Lifestyle",4+,16.4,2025-09-18,3.55.0,0.0,4.5579,123232,535888.0
NEOU: Fitness & Exercise App,Health & Fitness,4+,13.0,2025-01-22,3.3.92,0.0,4.54392,1844,104977.0
HARNA: Workout & Fitness,"Health & Fitness, Sports",12+,16.1,2025-09-24,3.16.1,0.0,4.52269,6765,238500.0
Lasta: Healthy Weight Loss,"Health & Fitness, Lifestyle",17+,16.0,2025-09-16,2.5.7,0.0,4.58887,27553,208591.0
Freeletics: Workouts & Fitness,"Health & Fitness, Lifestyle",4+,16.0,2025-09-23,25.37.1,0.0,4.63657,21988,175812.0
Move With Us,Health & Fitness,4+,13.0,2025-08-27,5.4.2,0.0,4.88924,7115,94834.0
Fitness Buddy Home Gym Workout,"Health & Fitness, Lifestyle",4+,13.0,2025-03-20,5.508,0.0,4.80561,22861,216456.0
Technogym - training & workout,"Health & Fitness, Sports",4+,15.0,2025-09-17,3.36.2,0.0,4.49854,1029,126531.0
Bodybuilding.com - Fitness App,"Health & Fitness, Lifestyle",4+,15.6,2025-03-03,5.1.2,0.0,4.57963,29053,100552.0
Fitbod: Gym & Fitness Planner,"Health & Fitness, Sports",4+,17.0,2025-09-22,7.17.0,0.0,4.82216,253019,221397.0
Sharecare: Health & Well-being,"Health & Fitness, Medical",12+,15.0,2025-09-25,2.62.1,0.0,4.58351,8209,200637.0
Orangetheory Fitness,"Health & Fitness, Lifestyle",4+,17.0,2025-08-29,4.9.0,0.0,4.92009,477115,161728.0
Myprotein: Fitness & Nutrition,"Shopping, Health & Fitness",4+,13.4,2025-09-22,3.39.0,0.0,4.85163,7252,126121.0
SHRED: Gym & Home Workouts,"Health & Fitness, Lifestyle",12+,17.0,2025-09-25,5.1.4,0.0,4.82131,38591,238162.0
HIIT • Workouts & Timer,"Health & Fitness, Lifestyle",4+,16.0,2025-07-29,5.5.13,0.0,4.82516,30925,143993.0
Youth: Home Workout & Fitness,"Health & Fitness, Lifestyle",4+,15.0,2025-08-15,2.23,0.0,4.54047,2483,188356.0
7 Minute Workout:Home Exercise,"Health & Fitness, Lifestyle",4+,15.0,2025-09-24,6.3.4,0.0,4.82749,120843,803923.0
In-Shape Fitness,Health & Fitness,4+,11.0,2025-09-15,6.9.1,0.0,4.74009,34647,66284.0
Home Fitness Coach: FitCoach,"Health & Fitness, Sports",4+,15.0,2025-04-18,10.3.0,0.0,4.69062,65203,160434.0
EvolveYou: Strength For Women,"Health & Fitness, Food & Drink",4+,15.1,2025-09-19,9.0.7,0.0,4.84345,19661,266324.0
Fitness Point: Home & Gym,"Health & Fitness, Sports",9+,12.0,2025-09-04,7.6.19,0.0,4.39534,1161,148310.0
Volt: Gym & Home Workout Plans,"Health & Fitness, Sports",4+,15.6,2025-09-18,18.5.0,0.0,4.71635,16665,87062.0
NoiseFit: Health & Fitness,"Health & Fitness, Lifestyle",4+,16.0,2025-09-19,4.9.6,0.0,4.55018,1405,428663.0
House & Home,"Lifestyle, Magazines & Newspapers",4+,14.0,2025-09-11,15.5,0.0,4.88889,36,24689.0
House Flip,"Games, Role Playing, Education, Simulation",4+,13.0,2025-09-23,4.5.0,0.0,4.59375,130277,273921.0
Penny & Flo: Home Renovation,"Games, Family, Puzzle, Entertainment",9+,13.0,2025-08-28,1.180.0,0.0,4.8204,44693,405290.0
Zillow Real Estate & Rentals,"Lifestyle, Reference",4+,17.0,2025-09-23,2025.37.0,0.0,4.80094,7187795,438282.0
Idle Home Makeover,"Games, Simulation, Casual",12+,12.0,2023-09-13,3.3,0.0,4.62581,47618,206184.0
Property Brothers Home Design,"Games, Puzzle, Simulation",4+,14.0,2025-07-30,3.8.6,0.0,4.68208,518460,269376.0
Home Design 3D,"Productivity, Lifestyle",4+,15.0,2025-09-17,5.4.4,0.0,4.32137,104086,729624.0
Trulia Real Estate & Rentals,"Lifestyle, Finance",4+,17.0,2025-09-02,17.4,0.0,4.81716,1404394,111589.0
Dream House Design: Tile Match,"Games, Casual, Simulation, Entertainment",4+,13.0,2025-07-11,3.8.7,0.0,4.6433,29459,275733.0
Live Home 3D - House Design,"Productivity, Graphics & Design",4+,13.0,2025-09-15,4.10.2,0.0,4.56337,16877,445559.0
Pocket Family - My Dream House,"Games, Family, Board, Lifestyle",4+,12.0,2025-07-15,3.0.17,0.0,4.32043,15797,345545.0
Opendoor – Buy & Sell Homes,"Lifestyle, Shopping",4+,16.6,2025-09-21,202.1.0,0.0,4.77266,12290,69337.0
"Redfin: Buy, Sell & Rent Homes","Lifestyle, Business",4+,17.0,2025-09-25,594.0.0.28979,0.0,4.80476,1507877,172517.0
Realtor.com Real Estate & Rent,"Lifestyle, Business",4+,16.0,2025-09-25,26.6.5,0.0,4.78016,987759,695438.0
Home Design Makeover,"Games, Simulation, Puzzle",4+,14.0,2025-09-15,6.5.9,0.0,4.55837,116714,345447.0
Home Maker: Design House Game,"Games, Simulation, Casual",4+,9.0,2020-05-15,1.0.21,0.0,3.64877,1583,219381.0
Merge Matters - House Design,"Games, Puzzle, Casual",4+,12.0,2023-12-07,20.1.04,0.0,4.57299,38327,215128.0
Happy Merge Home,"Games, Casual",4+,13.0,2025-09-19,1.0.58,0.0,4.55255,17354,626335.0
My Home My World™: Clean ASMR,"Games, Casual, Entertainment, Simulation",17+,12.0,2025-07-09,1.3.49,0.0,4.68553,22378,401736.0
Home Design 3D - GOLD EDITION,"Productivity, Lifestyle",4+,15.0,2025-09-17,5.4.4,8.99,4.54685,11566,716075.0
Home Design 3D : Designverse,"Productivity, Family, Simulation, Games",4+,12.0,2025-09-03,25.9.1,0.0,4.25561,1338,202680.0
House & Home Special Issues,Lifestyle,4+,14.0,2025-09-12,7.0,0.0,4.83333,6,25381.0
Movoto | Real Estate,"Lifestyle, Productivity",4+,16.0,2025-04-24,15.7,0.0,4.79584,54129,126910.0
Mergedom: Home Design & Merge,"Games, Puzzle, Casual, Entertainment",4+,13.0,2025-09-11,8.0.0,0.0,4.74047,35060,351842.0
Decor Matters: Home Design App,"Lifestyle, Games, Casual, Simulation",17+,15.6,2025-09-26,13.16.0,0.0,4.69593,14168,276194.0
Open House: Meet Friends,"Games, Puzzle, Adventure",4+,12.0,2024-12-13,1.39,0.0,4.9074,1663,217570.0
Home Design : Waikiki Life,"Games, Puzzle, Simulation",4+,13.0,2024-11-20,2.1.04,0.0,4.72091,5586,216644.0
Home AI - AI Interior Design,"Graphics & Design, Lifestyle",4+,15.1,2025-09-25,1.5.5,0.0,4.58971,120207,111483.0
House Designer : Fix & Flip,"Games, Simulation, Adventure",4+,13.0,2025-07-31,1.6700,0.0,4.65933,29169,463005.0
Zara Home,"Shopping, Lifestyle",4+,16.0,2025-09-17,15.9.2,0.0,4.73648,13718,123617.0
Dream House Days,"Games, Simulation, Strategy, Entertainment",4+,12.0,2024-11-25,2.41,0.0,4.78958,21105,84929.0
Design Home™: House Makeover,"Games, Casual, Graphics & Design, Simulation",4+,13.0,2025-09-04,1.124.129,0.0,4.59027,508827,269469.0
Trulia Rentals,"Lifestyle, Finance",4+,17.0,2025-09-02,12.4,0.0,4.81059,308292,111697.0
Interior Story:Decorating Home,"Games, Entertainment, Simulation, Puzzle",4+,12.4,2025-07-03,4.4.1,0.0,4.48607,9690,227913.0
Homes.com Real Estate Search,"Lifestyle, Productivity",4+,16.0,2025-09-15,17.1.1,0.0,4.74322,43198,452713.0
House & Garden,"Lifestyle, Magazines & Newspapers",4+,16.0,2025-09-26,33.8,0.0,4.72112,753,18490.0
Rent. Apartments and Homes,"Lifestyle, Utilities",4+,16.0,2025-09-22,11.3.0,0.0,4.73263,191821,62600.0
My House - Home Design Games,"Games, Puzzle, Simulation",4+,12.0,2025-05-14,2.8.7,0.0,4.43767,3377,174682.0
Angi: Find Local Home Services,"Lifestyle, Business",4+,15.0,2025-09-16,25.38.0,0.0,4.53279,110566,166205.0
Home Design : Caribbean Life,"Games, Entertainment, Puzzle, Simulation",4+,12.5,2023-10-30,2.3.31,0.0,4.69177,10619,255337.0
Deko: AI Home Design & Remodel,"Graphics & Design, Lifestyle",4+,15.0,2025-04-03,2.3.0,0.0,4.41971,1887,117216.0
Extreme Makeover: Home Edition,"Games, Casual, Puzzle",4+,13.0,2025-04-30,1.22.3,0.0,4.75586,4137,347123.0
Wayfair – Shop All Things Home,"Shopping, Lifestyle",4+,16.0,2025-09-22,6.39.0,0.0,4.86904,2333045,248640.0
REALTOR.ca Real Estate & Homes,Lifestyle,4+,15.1,2025-09-16,4.45.0,0.0,4.46201,1316,111565.0
Compass: Real Estate & Homes,"Lifestyle, Finance",4+,16.0,2025-09-22,3.242.0,0.0,4.81991,12222,243508.0
Zillow 3D Home,"Photo & Video, Business",4+,17.0,2025-09-17,2025.12.0,0.0,4.69217,4876,202812.0
Planner 5D: AI Home Design,"Lifestyle, Productivity",4+,16.0,2025-09-26,4.76.0,0.0,4.34751,22520,931669.0
Joss & Main,"Shopping, Lifestyle",4+,16.0,2025-09-22,6.39.0,0.0,4.86045,64197,240615.0
My Home Design : Modern House,"Games, Puzzle, Simulation",4+,13.0,2024-11-20,1.2.07,0.0,4.74064,5082,230046.0
Keyplan 3D - Home design,"Productivity, Lifestyle",4+,15.0,2025-08-25,1.9.4,5.99,4.57697,5054,601843.0
Pocket FM: Audio Series,Entertainment,17+,16.0,2025-09-25,3.18.1,0.0,4.69512,257883,245480.0
MoboReader,"Books, Magazines & Newspapers",17+,13.0,2025-09-16,8.0.9,0.0,4.27988,42944,61784.0
Browser and Documents Manager,"Utilities, Business",17+,10.0,2019-03-25,2.6,0.0,4.6372,123241,41135.0
Hoopla Digital,"Books, Entertainment",12+,16.0,2025-09-16,4.64.1,0.0,4.84588,1292820,96960.0
Matter: Save. Read. Grow.,News,4+,26.0,2025-09-23,4.0,0.0,4.60171,1052,114254.0
Goodreads: Book Reviews,"Books, Social Networking",12+,16.0,2025-09-10,4.29.1,0.0,4.81219,669606,97639.0
"Music Player : Songs, Videos",Utilities,9+,13.0,2025-05-23,2.2,0.0,4.5839,31620,30039.0
Libib,"Productivity, Books",4+,13.0,2024-08-26,5.1.3,0.0,4.41284,1044,37505.0
Infuse,"Entertainment, Photo & Video",4+,18.0,2025-09-22,8.2.6,0.0,4.68204,25818,142382.0
Novelaria- Novels & Stories,"Books, Entertainment",17+,12.0,2025-09-11,2.4.2,0.0,4.90027,4101,154793.0
The Palace Project,"Books, Reference",4+,16.0,2025-07-31,1.2.8,0.0,4.64551,2127,36570.0
Perlego: Your online library,"Books, Education",4+,13.0,2025-09-05,6.5.7,0.0,4.48546,997,51209.0
Librista,"Productivity, Books",9+,15.6,2025-09-12,2.6.5,0.0,4.81329,1430,96165.0
VNUHCM Libraries,"Books, Education",4+,14.0,2025-08-19,1.0.9,0.0,5.0,1,77066.0
Bookshelf-Your virtual library,Books,4+,15.1,2025-09-24,1.19.7,0.0,4.81323,2388,78322.0
Bookshelf: Book Tracker & List,"Books, Productivity",4+,17.0,2025-09-15,2.18.1,0.0,4.64604,3506,208823.0
Bridges Library Café Mobile,"Reference, Education",4+,14.0,2025-08-14,2025.08.00,0.0,4.72757,602,15420.0
Playtest Pro,Games,17+,14.0,2025-04-22,2.0.1,0.0,4.69867,86073,127330.0
PocketBook Reader,"Books, Education",4+,13.0,2024-06-03,5.15.5,0.0,4.49457,8108,103934.0
myLIBRO,"Books, Reference",4+,11.0,2024-10-24,3.6.1,0.0,4.78559,5844,43968.0
DkIT Library,"Lifestyle, Education",17+,15.6,2025-06-20,2025.24,0.0,0.0,0,49416.0
AppRaven: Apps Gone Free,"Shopping, Social Networking",9+,15.0,2024-10-07,2.2.9,0.0,4.63802,4003,39055.0
RaMusi: Offline Music Player,"Music, Utilities",4+,13.0,2025-08-03,1.1.2,0.0,4.74218,1183,93812.0
Apple Music,Music,12+,10.0,2025-09-15,2.7,0.0,4.86034,2171141,3417.0
"Offline: Files, Browser, VPN","Utilities, Productivity",17+,14.0,2024-04-11,1.2.6,0.0,4.62245,130440,130120.0
Freegal Music,"Entertainment, Music",4+,14.0,2025-09-12,6.0.27,0.0,3.15385,299,72976.0
Meescan,"Lifestyle, Books",17+,12.0,2025-09-23,4.12.00,0.0,4.42856,7,17291.0
Lincs Inspire Libraries,"Lifestyle, Reference",17+,15.6,2025-09-16,2025.38,0.0,0.0,0,49567.0
"Offline Pro: Files, Music",Utilities,17+,13.0,2025-08-13,1.3.9,0.0,4.55783,3017,125880.0
InfoSoup Libraries,"Books, Education",4+,14.0,2025-08-15,2025.08.00,0.0,4.6063,127,17564.0
TestFlight,Developer Tools,4+,14.0,2025-06-10,3.9.0,0.0,4.74788,775482,16341.0
Youtify - Music & Playlists,"Music, Entertainment",17+,13.0,2025-09-24,2.4.1,0.0,4.56418,12450,60634.0
Winnipeg Public Library App,"Books, Education",4+,15.6,2025-09-16,2025.38,0.0,5.0,1,50183.0
Phoenix Public Library,"Lifestyle, Education",17+,15.6,2025-09-16,2025.38,0.0,4.84615,13,49631.0
Northamptonshire Libraries,"Lifestyle, Education",17+,15.6,2025-09-16,2025.38,0.0,0.0,0,49775.0
"Mobooks-Romance,Fantasy,Fanfic","Lifestyle, Entertainment",17+,12.0,2023-11-16,2.0.0,0.0,4.84464,6012,92574.0
"Epub Reader -read epub,chm,txt","Books, Utilities",4+,12.0,2024-12-16,1.19,0.0,4.5377,9574,64128.0
Gympie Regional Libraries,"Lifestyle, Education",17+,15.6,2025-06-20,2025.24,0.0,0.0,0,49436.0
Houston Public Library,"Lifestyle, Education",17+,15.6,2025-09-16,2025.38,0.0,2.74359,39,49575.0
WCPL Mobile,"Lifestyle, Education",17+,16.0,2025-08-29,2025.08.29,0.0,4.13636,22,52672.0
Music Downloader / MP3 Player,"Music, Entertainment",12+,12.0,2025-09-21,20250918,0.0,4.30898,27179,110254.0
Movies Box,"Entertainment, Photo & Video",12+,13.0,2025-08-13,1.2.5,0.0,4.5128,137579,68237.0
SLS Official Swinger Community,Lifestyle,17+,13.4,2025-05-23,8.4.4,0.0,4.09133,5179,83196.0
Pinterest,"Lifestyle, Photo & Video",12+,16.0,2025-09-24,13.36,0.0,4.78475,5411319,238854.0
Lemon8 - Lifestyle Community,Lifestyle,12+,13.0,2025-09-26,9.7.0,0.0,4.57847,181686,207180.0
Me+ Lifestyle Routine,Health & Fitness,4+,14.0,2025-08-31,2.7.5,0.0,4.81158,218220,365650.0
Finch: Self-Care Pet,"Health & Fitness, Lifestyle",4+,15.6,2025-09-26,3.73.73,0.0,4.95045,549443,466070.0
Habit Tracker,"Productivity, Health & Fitness",4+,13.0,2025-09-10,2.11.9,0.0,4.79749,125609,365862.0
I am - Daily Affirmations,"Health & Fitness, Lifestyle",4+,16.0,2025-09-23,6.2.0,0.0,4.84736,677266,308232.0
craigslist,"Shopping, Lifestyle",12+,13.4,2025-09-18,1.26.0,0.0,4.827,505879,30112.0
Daylio Journal - Daily Diary,"Lifestyle, Health & Fitness",4+,14.0,2025-09-22,1.68.1,0.0,4.7731,55360,207061.0
1 Second Everyday: Video Diary,"Photo & Video, Lifestyle",4+,17.6,2025-09-10,5.9.1,0.0,4.78977,43805,332138.0
Fabulous: Daily Habit Tracker,"Health & Fitness, Lifestyle",4+,17.0,2025-09-21,14.0.1,0.0,4.49315,83718,462199.0
Co–Star Personalized Astrology,"Lifestyle, Social Networking",4+,17.0,2025-09-23,5.08,0.0,4.79684,203606,424927.0
Eden: Daily Self Care Routine,"Productivity, Health & Fitness",4+,14.0,2025-09-24,5.0.6,0.0,4.62608,3442,139067.0
Lifestyle For Men Magazine,"Magazines & Newspapers, Entertainment",17+,12.0,2025-01-06,17.17.20250106,0.0,3.96995,1531,61119.0
Survey Junkie,"Lifestyle, Entertainment",17+,15.0,2025-09-24,1.38.29,0.0,4.54764,83024,110437.0
ThredUp: Online Thrift Store,"Shopping, Lifestyle",4+,17.6,2025-09-24,8.165.2,0.0,4.73954,296410,428042.0
HYPE by Hypebeast,"News, Entertainment",12+,15.0,2025-09-23,4.0.9,0.0,4.87241,8480,67949.0
Choose: Daily Discovery,"Shopping, Lifestyle",4+,15.1,2025-09-24,10.5.17,0.0,4.8741,969,98129.0
Centrepoint - سنتربوينت,"Shopping, Lifestyle",4+,15.1,2025-09-25,10.37.2,0.0,4.55619,50470,179734.0
Smiles: Food Grocery Lifestyle,"Food & Drink, Lifestyle",4+,15.0,2025-09-09,7.6.1,0.0,4.58707,11009,235508.0
Results Wellness Lifestyle,"Health & Fitness, Lifestyle",17+,13.0,2025-09-25,2.84.7,0.0,5.0,3,226479.0
DTLR ®,"Shopping, Lifestyle",4+,15.0,2025-08-09,11.6,0.0,4.89072,22514,115054.0
Exposure Mag,"Magazines & Newspapers, Lifestyle",17+,12.0,2023-10-04,1.1,0.0,5.0,2,63228.0
FamilySearch Tree,"Reference, Lifestyle",4+,17.0,2025-09-24,5.2.6,0.0,4.83995,454059,179278.0
Receipt Hog: Shopping Rewards,"Shopping, Lifestyle",17+,16.4,2025-09-12,8.8.1,0.0,4.74338,225439,165241.0
Reflectly - Journal & AI Diary,"Health & Fitness, Lifestyle",4+,15.0,2025-04-22,4.14.4,0.0,4.567,81709,67677.0
H&M,"Shopping, Lifestyle",4+,16.0,2025-09-20,25.38.1,0.0,4.82266,199898,182637.0
Calorie Counter by fatsecret,"Health & Fitness, Food & Drink",4+,15.0,2025-09-11,10.1,0.0,4.76427,13108,137658.0
7D Lifestyle,"Lifestyle, Travel",17+,12.0,2023-03-15,3.0.0,0.0,5.0,6,136210.0
Flipp: Shop Grocery Deals,"Shopping, Lifestyle",4+,16.0,2025-09-17,87.1.0,0.0,4.78383,484309,104454.0
Tezza: Aesthetic Photo Editor,"Photo & Video, Lifestyle",4+,16.6,2025-08-21,8.16.1,0.0,4.75491,44319,424393.0
SilverLeaf Lifestyle,"Lifestyle, Health & Fitness",4+,15.1,2025-08-06,4.5.735,0.0,5.0,1,110128.0
Namshi - Online Fashion Store,"Shopping, Lifestyle",4+,15.1,2025-09-22,14.17,0.0,4.49693,117756,102865.0
GHOST Lifestyle,"Lifestyle, Shopping",4+,15.0,2025-09-09,5,0.0,4.7039,358,113422.0
LifeSet,"Lifestyle, Health & Fitness",4+,13.4,2024-11-05,1.0.7,0.0,5.0,4,51738.0
Lose It! – Calorie Counter,"Health & Fitness, Lifestyle",4+,16.0,2025-09-24,17.5.300,0.0,4.76331,710042,257074.0
口碑-美食团购外卖订餐,"Lifestyle, Food & Drink",17+,11.0,2023-05-24,7.3.4,0.0,4.7382,1123,79636.0
Real Simple Magazine,"Lifestyle, Magazines & Newspapers",4+,13.0,2025-08-14,103.9.0,0.0,4.53352,358,78453.0
Way of Life - Habit Tracker,"Health & Fitness, Productivity",4+,15.6,2025-05-28,4.2.0,0.0,4.81539,4794,22545.0
Tucson Lifestyle Magazine,"Lifestyle, Magazines & Newspapers",12+,12.4,2025-05-27,3.18.20,0.0,4.0,1,31315.0
Max Fashion - ماكس فاشون,"Shopping, Lifestyle",4+,15.1,2025-09-25,10.37.2,0.0,4.56013,45083,179900.0
BelleVie Premium Lifestyle App,Lifestyle,4+,12.0,2025-09-25,2.8.0,0.0,3.58333,12,119787.0
Daily Yoga: Yoga for Fitness®,"Health & Fitness, Lifestyle",4+,12.0,2025-09-21,8.77.0,0.0,4.72142,3665,330162.0
Do Habits: Get It Done,"Productivity, Lifestyle",4+,15.0,2025-09-23,3.13.0,0.0,4.03782,16660,104149.0
Veranda Magazine US,"Lifestyle, Magazines & Newspapers",17+,15.6,2025-06-03,28.0,0.0,4.76337,1103,61355.0
Essential - Healthy Lifestyle,Health & Fitness,4+,13.0,2024-08-24,1.5,0.0,4.61867,7133,145915.0
Life Enhanced by State Farm,Lifestyle,4+,15.1,2025-09-03,5.4.8,0.0,4.62751,1337,62778.0
Subway Surfers,"Games, Action, Casual, Entertainment",9+,13.0,2025-09-22,3.52.2,0.0,4.65121,3481568,334171.0
Candy Crush Saga,"Games, Entertainment, Puzzle, Casual",4+,,2025-09-24,1.312.1.1,0.0,4.70802,3738497,317440.0
Roblox,"Games, Entertainment, Action, Adventure",12+,13.0,2025-09-25,2.692.841,0.0,4.53186,15612991,220783.0
8 Ball Pool™,"Games, Entertainment, Sports, Simulation",4+,13.0,2025-09-22,56.12.2,0.0,4.75187,4486521,197555.0
Block Blast！,"Games, Puzzle, Casual, Entertainment",17+,13.0,2025-09-26,6.3.2,0.0,4.88035,1671800,259121.0
Angry Birds 2,"Games, Action, Puzzle",4+,13.0,2025-09-23,5.0.1,0.0,4.6281,1454597,722811.0
Temple Run,"Games, Casual, Action, Entertainment",9+,13.0,2025-09-14,1.33.0,0.0,4.42487,395375,275943.0
Pokémon GO,"Games, Strategy, Role Playing, Health & Fitness",9+,15.0,2025-09-20,0.379.0,0.0,3.99699,623595,379103.0
Magic Tiles 3: Piano Game,"Games, Music, Casual, Music",4+,15.6,2025-09-22,12.093.022,0.0,4.56398,596990,510454.0
slither.io,"Games, Action, Entertainment, Casual",4+,12.0,2025-08-19,2.2.6,0.0,3.69372,1466,76426.0
Sniper 3D: Gun Shooting Games,"Games, Action, Casual, Entertainment",17+,13.0,2025-09-24,6.2.0,0.0,4.74836,3158201,437569.0
Among Us!,"Games, Action, Simulation",9+,13.0,2025-09-09,2025.9.9,0.0,4.05347,814851,909811.0
Cooking Fever: Restaurant Game,"Games, Entertainment, Casual, Strategy",4+,13.0,2025-09-08,25.0.0,0.0,4.49031,306275,268800.0
Wordscapes,"Games, Education, Word, Puzzle",12+,13.0,2025-09-17,3.3.0,0.0,4.82533,1009361,402039.0
Temple Run 2: Endless Escape,"Games, Adventure, Entertainment, Action",9+,13.0,2025-09-20,1.125.0,0.0,4.49868,484663,234982.0
Clash of Clans,"Games, Action, Entertainment, Strategy",9+,12.0,2025-09-22,17.360.42,0.0,4.75769,2672617,546274.0
Township,"Games, Entertainment, Puzzle, Casual",4+,13.0,2025-09-11,30.0.1,0.0,4.75657,1958493,261374.0
Flow Free,"Games, Entertainment, Puzzle, Board",4+,12.0,2025-02-20,4.8,0.0,4.78566,369905,69808.0
Call of Duty®: Mobile,"Games, Action",17+,13.0,2025-07-28,1.0.52,0.0,4.67307,1938727,3528355.0
Fruit Ninja®,"Games, Entertainment, Casual, Action",4+,13.0,2025-08-08,3.83.0,0.0,4.75438,332910,303424.0
Trivia Crack: Brain Quiz Games,"Games, Family, Entertainment, Trivia",4+,15.0,2025-09-23,3.335.0,0.0,4.60079,740648,459356.0
Geometry Dash Lite,"Games, Casual, Entertainment, Music",4+,13.0,2024-12-20,2.21.6,0.0,4.2939,213249,258716.0
Minion Rush: Running game,"Games, Entertainment, Casual, Family",9+,13.0,2025-09-25,12.3.0,0.0,4.58186,270659,1216223.0
Solitaire,"Games, Board, Card",12+,13.0,2025-08-27,9.1.6,0.0,4.72966,1981001,395961.0
Bike Race: Free Style Games,"Games, Action, Racing",4+,13.0,2025-09-16,8.5.0,0.0,4.84429,611970,163069.0
Super Mario Run,"Games, Action, Casual",4+,15.0,2025-09-22,3.3.0,0.0,3.74523,75208,418504.0
Clash Royale,"Games, Strategy, Entertainment, Action",9+,14.0,2025-08-21,11.548.4,0.0,4.59394,3194973,981272.0
Episode - Choose Your Story,"Games, Role Playing, Simulation, Entertainment",12+,15.0,2025-08-18,26.40,0.0,4.65484,2791678,479030.0
Hole.io,"Games, Sports, Casual",9+,14.0,2025-09-26,2.32.10,0.0,4.59575,1965807,826694.0
PUBG MOBILE,"Games, Action, Strategy",12+,12.0,2025-09-04,4.0.0,0.0,4.31982,1536359,3773437.0
Helix Jump,"Games, Action, Casual",12+,14.0,2025-09-17,5.20.7,0.0,4.59352,1506087,314747.0
Crossy Road,"Games, Casual, Family, Entertainment",9+,13.0,2025-09-23,7.6.1,0.0,4.66788,697013,319501.0
CSR 2 - Realistic Drag Racing,"Games, Sports, Racing, Sports",4+,13.0,2025-09-24,6.0.1,0.0,4.70876,863283,3669003.0
Jetpack Joyride,"Games, Action, Entertainment, Casual",9+,13.0,2025-09-25,1.102.2,0.0,4.74308,98561,345371.0
Sonic Dash: Fun Endless Runner,"Games, Entertainment, Action, Casual",4+,13.0,2025-09-25,8.13.0,0.0,4.68258,414601,333191.0
UNO!™,"Games, Family, Entertainment, Card",4+,12.0,2025-09-17,1.0.93,0.0,4.68905,615821,558236.0
Plants vs. Zombies™ 2,"Games, Adventure, Strategy, Entertainment",9+,13.0,2025-09-26,12.6.1,0.0,4.68276,429526,190747.0
Paper.io 2,"Games, Casual, Action",12+,15.0,2025-09-12,4.20.0,0.0,4.53793,2550068,239444.0
Mario Kart Tour,"Games, Action, Racing",4+,12.0,2025-05-26,3.6.3,0.0,4.70001,1026351,256020.0
MONOPOLY GO!,"Games, Family, Board, Entertainment",9+,13.3,2025-09-18,1.54.0,0.0,4.79948,3400235,256322.0
Gardenscapes,"Games, Entertainment, Puzzle, Casual",4+,12.0,2025-09-15,9.0.7,0.0,4.68628,1638436,299920.0
Hill Climb Racing,"Games, Action, Racing, Entertainment",12+,12.0,2025-06-18,1.66.0,0.0,4.60131,102621,171646.0
Fishdom,"Games, Puzzle, Entertainment, Casual",4+,12.0,2025-09-18,9.2.3,0.0,4.63971,1128541,270043.0
Homescapes,"Games, Entertainment, Puzzle, Casual",4+,12.0,2025-09-23,8.2.8,0.0,4.64105,2042475,270732.0
Hay Day,"Games, Simulation, Family, Entertainment",4+,12.0,2025-09-22,1.67.170,0.0,4.69763,613294,586094.0
Piano Tiles 2™: Fun Piano Game,"Games, Casual, Music, Music",4+,12.0,2025-09-15,4.4.5,0.0,4.14262,49967,238724.0
The Sims™ FreePlay,"Games, Simulation, Adventure",12+,15.0,2025-09-11,5.95.1,0.0,4.58176,419210,2438016.0
Bowmasters - Multiplayer Games,"Games, Action, Casual, Entertainment",12+,13.0,2025-09-24,9.3.1,0.0,4.54219,1928012,539593.0
Royal Match,"Games, Casual, Puzzle",12+,13.0,2025-09-15,31110,0.0,4.69174,3305420,264525.0
Virtual Families 3,"Games, Family, Entertainment, Simulation",9+,13.0,2025-09-10,2.4.4,0.0,4.77449,104999,276593.0
Family Life!,Games,17+,13.0,2025-09-18,1.51.5,0.0,4.43373,36532,244518.0
Location Tracker Cell Find GPS,"Utilities, Navigation",4+,16.0,2025-04-02,1.0,0.0,4.64444,90,32636.0
Virtual Families 2 Dream House,"Games, Family, Entertainment, Simulation",9+,13.0,2024-02-28,1.7.17,0.0,4.35071,21277,149621.0
Family Island — Farming game,"Games, Adventure, Entertainment, Simulation",12+,13.0,2025-09-22,2025172.0.81050,0.0,4.75954,412363,679466.0
Family Go! - Lifetime Sim game,Games,12+,13.0,2025-09-26,1.2.2,0.0,4.57092,1953,263614.0
My Town : Home - Family Games,"Education, Family, Games, Simulation",4+,13.0,2025-06-02,3.26,0.0,4.45558,302132,705007.0
BitLife - Life Simulator,"Games, Role Playing, Simulation",17+,13.0,2025-09-19,3.20.6,0.0,4.76111,1736315,294940.0
Virtual Mom - Dream Family Sim,"Games, Role Playing, Entertainment, Family",4+,11.0,2023-08-21,1.0.6,0.0,4.2881,25345,165911.0
Tile Family®:Match Puzzle Game,"Games, Puzzle",4+,12.5,2025-09-17,1.85.1,0.0,4.7287,239634,394613.0
Real Mother Sim - Dream Family,"Games, Family, Entertainment, Role Playing",4+,12.0,2023-07-31,1.0.3,0.0,4.20608,9176,170177.0
Google Family Link,Utilities,4+,16.0,2025-09-15,2.60.31172,0.0,4.66897,251680,202773.0
Adorable Home,"Games, Trivia, Family, Entertainment",12+,15.0,2025-09-24,2.17.2,0.0,4.66207,120767,642124.0
Aha World: More Avatars&Houses,"Education, Role Playing, Simulation, Games",4+,12.0,2025-09-19,4.24.0,0.0,4.8148,267840,1120350.0
Family Tree! - Logic Puzzles,"Games, Puzzle, Word, Entertainment",17+,13.0,2025-09-16,1.18.0,0.0,4.56602,43160,368435.0
Pregnant Mother Baby Care Sim,"Games, Family, Role Playing, Entertainment",4+,13.0,2025-08-28,1.18,0.0,4.43975,48611,226030.0
My PlayHome Plus,"Entertainment, Education",4+,13.0,2025-08-01,1.16.1,0.0,3.98998,9278,321404.0
FamilyWall: Family Organizer,"Productivity, Lifestyle",4+,15.0,2025-09-16,11.6.4,0.0,4.81248,10047,139441.0
Family Farm Adventure,"Games, Adventure, Simulation",4+,12.0,2025-09-25,5.10.1,0.0,4.63875,53645,1132405.0
Avakin Life: 3D Avatar Creator,"Games, Simulation, Role Playing, Social Networking",12+,13.0,2025-09-03,2.12.1,0.0,4.4782,101869,317297.0
My Town - City Life Story game,"Education, Family, Role Playing, Games",4+,13.0,2025-07-01,1.50.2,0.0,4.18093,8965,2088071.0
Virtual Families,"Games, Family, Simulation, Entertainment",9+,8.0,2017-10-19,1.2.2,1.99,4.25178,3086,152215.0
Tizi Home Design Girl Games,"Games, Family, Role Playing, Entertainment",4+,13.0,2025-09-15,7.2,0.0,4.70841,56963,639215.0
Family Farm Seaside,"Games, Family, Simulation",4+,12.0,2025-08-28,9.5.100,0.0,4.64668,35846,302161.0
Scout: Family Location 360,"Lifestyle, Social Networking",4+,14.0,2025-06-16,7.0.1,0.0,4.50007,6667,399649.0
Virtual Families Communities,"Games, Family, Entertainment, Simulation",9+,15.0,2025-09-25,1.0.66,0.0,4.50709,1270,329316.0
Baby & Family Simulator Games,"Games, Family, Simulation",4+,13.0,2025-05-16,8.1.4,0.0,4.39457,77685,169740.0
Virtual Families: Cook Off,"Games, Strategy, Family",4+,13.0,2024-12-21,1.49.16,0.0,4.90876,103805,407998.0
FamilyAlbum - Photo Sharing,"Lifestyle, Photo & Video",4+,16.0,2025-09-22,22.29.0,0.0,4.88623,319932,177946.0
Cozi Family Organizer,"Productivity, Lifestyle",4+,17.0,2025-09-23,2025.09.22,0.0,4.80568,369797,76744.0
Mouse Simulator : Family,"Games, Simulation",9+,9.0,2019-12-22,1.09,0.0,4.42133,1538,135671.0
Ancestry: Family History & DNA,"Reference, Productivity",12+,17.0,2025-09-22,17.18.1,0.0,4.7848,526136,508372.0
Family Guy The Quest for Stuff,"Games, Adventure, Entertainment, Simulation",17+,13.0,2025-06-17,7.7.1,0.0,4.16099,16094,145104.0
My City Home - Sweet Playhouse,"Education, Games, Family, Role Playing",4+,13.0,2025-02-07,3.0.12,0.0,4.43519,21609,980477.0
MyHeritage: Family Tree & DNA,"Reference, Lifestyle",12+,16.6,2025-09-15,7.3.3,0.0,4.86134,61922,314631.0
Findmykids: GPS Phone Tracker,"Lifestyle, Social Networking",4+,15.0,2025-09-23,2.2.371,0.0,4.73414,19936,537202.0
Find my Friends、Family、Phone,"Navigation, Utilities",4+,13.0,2025-09-24,3.1.1,0.0,4.43191,1285,28634.0
Bermuda Adventures: Farm Games,"Games, Casual, Entertainment, Adventure",12+,13.0,2024-06-22,1.19.0,0.0,4.64513,49689,347285.0
Family Style: Co-op Kitchen,"Games, Casual, Family, Entertainment",4+,9.1,2021-08-10,1.8.0,0.0,4.04675,2139,103199.0
Virtual Families Lite,"Games, Simulation, Entertainment, Family",9+,8.0,2017-10-19,1.2.2,0.0,3.79006,3439,149953.0
Top 7 - family word game,"Games, Word, Trivia, Entertainment",4+,13.0,2024-10-11,3.0.0,0.0,4.59266,14467,152250.0
Family Guy Freakin Mobile Game,"Games, Puzzle, Adventure, Entertainment",17+,12.0,2025-09-03,2.69.2,0.0,4.66159,34860,231039.0
"Findo: Find my Friends, Phone","Social Networking, Lifestyle",4+,15.0,2025-08-26,2.57,0.0,4.43417,76373,100778.0
Webkinz®: Family Pet Game,"Games, Role Playing, Family",4+,12.0,2025-09-19,2.62.1,0.0,4.43692,2671,668748.0
Family Nest | Ex Family360,"Lifestyle, Utilities",4+,14.0,2025-09-16,2.5.4,0.0,4.66952,38574,114063.0
Family Tree Photo,Utilities,4+,15.6,2025-09-16,8.8,0.0,4.65308,2061,5308.0
AMBOSS Medical Knowledge,"Medical, Education",17+,16.0,2025-09-03,2.27.0,0.0,4.92049,12476,61947.0
MyChart,Medical,17+,16.2,2025-09-22,11.5.2,0.0,4.61588,537345,129053.0
OpenEvidence,"Medical, Education",17+,15.1,2025-09-22,2.7.12,0.0,4.93746,4573,36975.0
Medical Dictionary by Farlex,"Medical, Reference",17+,15.0,2024-07-01,5.0.11,0.0,4.76315,6409,36025.0
Osmosis: Medical School Notes,"Education, Medical",17+,15.1,2025-09-22,5.6.12,0.0,4.80844,3576,50357.0
MDCalc Medical Calculator,"Medical, Reference",17+,12.4,2025-08-27,5.4.6,0.0,4.91624,50752,55741.0
healow,"Medical, Health & Fitness",12+,15.0,2025-08-08,7.4.1,0.0,4.69731,546722,83382.0
Figure 1 - Medical Cases,"Medical, Education",17+,15.1,2025-08-19,10.2.3,0.0,4.70815,1350,90082.0
WebMD: Symptom Checker,"Medical, Health & Fitness",17+,15.0,2025-08-23,11.22,0.0,4.7364,131886,141326.0
Prognosis: Your Diagnosis,"Medical, Health & Fitness",17+,15.6,2025-09-22,6.0.15,0.0,4.79929,2835,89723.0
epocrates: Drug Checker App,"Medical, Health & Fitness",12+,17.0,2025-09-19,25.9.1,0.0,4.49169,6860,211680.0
Drugs.com Medication Guide,"Medical, Health & Fitness",17+,15.1,2025-08-25,3.1.29,0.0,4.82459,9167,47003.0
Medical Findings,"Medical, Games, Puzzle, Word",17+,13.0,2025-07-24,3.4,0.0,4.79474,1486,510120.0
Complete Anatomy for iPhone,"Medical, Education",12+,15.0,2025-09-11,11.5,0.0,4.54284,3618,1469796.0
3D Bones and Muscles (Anatomy),"Medical, Education",12+,12.0,2025-04-09,5.9,0.0,4.69369,2344,94942.0
Pathway – Medical Knowledge,"Medical, Education",17+,15.6,2025-05-05,2.3.143,0.0,4.77942,1342,386142.0
Teladoc Health,"Medical, Health & Fitness",12+,15.0,2025-08-22,5.20.2,0.0,4.7843,659862,246639.0
UWorld Medical Prep App,"Education, Medical",17+,15.0,2025-09-09,10.8.2,0.0,4.74219,4096,133764.0
UpToDate,"Medical, Health & Fitness",17+,16.0,2025-08-18,3.74.1,0.0,3.72653,490,52405.0
Touch Surgery: Surgical Videos,"Medical, Education",12+,17.0,2025-09-16,7.61.0,0.0,4.80604,6826,83879.0
Skyscape Medical Library,"Medical, Reference",17+,13.0,2025-06-18,3.3.0,0.0,4.82192,2920,135372.0
ICD10 Consult,"Medical, Reference",17+,13.0,2024-09-27,11.6,0.0,4.82857,13702,82998.0
Medisafe Medication Management,"Medical, Health & Fitness",12+,16.6,2025-09-20,9.49.1,0.0,4.7108,96629,229320.0
FollowMyHealth®,"Medical, Health & Fitness",12+,17.0,2025-09-11,25.6,0.0,4.77809,97891,72077.0
Nursing Central,"Medical, Health & Fitness",17+,14.0,2025-09-23,1.64,0.0,4.85409,9869,11755.0
Medscape,"Medical, Health & Fitness",17+,16.0,2025-09-25,12.25,0.0,3.62649,1344,257027.0
AudioDigest,"Medical, Education",17+,14.2,2025-05-27,4.0.5,0.0,4.72053,2494,199737.0
USMLE-Rx,"Medical, Education",17+,12.0,2025-07-29,4.14,0.0,4.72804,4986,45557.0
ECG for Doctors,"Medical, Education",12+,13.0,2023-04-16,5.4.1,0.0,4.53672,3527,151978.0
Doctor On Demand,"Medical, Health & Fitness",17+,16.6,2025-09-23,2025.39.1,0.0,4.90247,132521,232662.0
Amwell: Doctor Visits 24/7,"Medical, Health & Fitness",4+,13.0,2025-09-18,12.22.400,0.0,4.88665,49484,88947.0
K Health | Primary Care,"Medical, Health & Fitness",17+,13.0,2025-09-22,5.0.1,0.0,4.68164,43429,269828.0
MPR Drug and Medical Guide,"Medical, Health & Fitness",17+,14.3,2024-11-25,7.12.1.1713,0.0,4.79342,5741,189037.0
Smart Medical Reference,"Medical, Health & Fitness",17+,13.0,2022-08-31,3.0.8,0.0,4.55683,1830,83692.0
Doximity,"Medical, Productivity",17+,18.0,2025-09-25,20.0.0,0.0,4.82362,184926,263139.0
Labcorp | Patient,Medical,17+,14.0,2025-07-23,7.4.0,0.0,4.75084,20031,36487.0
BoardVitals Medical Exam Prep,"Medical, Education",17+,15.5,2025-07-09,1.8.3,0.0,4.91316,9535,46645.0
Calculate by QxMD,Medical,17+,16.0,2024-11-04,9.4.0,0.0,4.78763,5043,116943.0
Klara – Patient communication,"Medical, Health & Fitness",12+,13.2,2025-06-05,1.29.0,0.0,4.68557,12451,41156.0
Circle Medical,"Medical, Health & Fitness",17+,15.0,2025-09-22,6.33.0,0.0,4.83221,29006,297707.0
Pocket Prep Medical 2025,"Education, Medical",12+,15.0,2025-09-24,3.23.5,0.0,4.86014,6535,76025.0
SMC Healthcare,"Medical, Utilities",12+,15.0,2025-09-24,2.7.2,0.0,4.60491,1549,132595.0
Pocket Pharmacist,"Medical, Health & Fitness",17+,17.6,2025-09-18,3.5.41,0.0,4.71326,3749,47860.0
MDLIVE,"Medical, Health & Fitness",17+,13.0,2025-09-12,7.6.0,0.0,4.70946,90758,104756.0
98point6 by Transcarent,"Medical, Health & Fitness",17+,15.0,2025-09-19,5.18.0,0.0,4.76234,50813,156302.0
Express Scripts,"Medical, Health & Fitness",4+,16.0,2025-08-14,12.26.0,0.0,4.75441,373353,45373.0
Critical- Medical Guide,"Medical, Health & Fitness",17+,15.0,2022-08-18,33,14.99,4.8258,1062,369557.0
